id,status,theme,section_hint,source,dest,notes
plot-000,backup,trend-learning-curve,Results,backend/autonomous_control/runs/9998217137783822_ml_mpo_learn_cadence_cadence_1_1_50_23-30-16/plots/learning_curves.png,candidates/plots/plot_000_trend-learning-curve_3f03a367.png,hardlink; run=9998217137783822_ml_mpo_learn_cadence_cadence_1_1_50_23-30-16
plot-001,backup,trend-learning-curve,Results,backend/autonomous_control/runs/9998217138176094_ml_mpo_learn_cadence_cadence_1_1_10_23-23-43/plots/learning_curves.png,candidates/plots/plot_001_trend-learning-curve_7ec1aa99.png,hardlink; run=9998217138176094_ml_mpo_learn_cadence_cadence_1_1_10_23-23-43
plot-002,backup,trend-learning-curve,Results,backend/autonomous_control/runs/9998217138572967_ml_mpo_learn_cadence_baseline_1_1_1_23-17-06/plots/learning_curves.png,candidates/plots/plot_002_trend-learning-curve_59e0c659.png,hardlink; run=9998217138572967_ml_mpo_learn_cadence_baseline_1_1_1_23-17-06
plot-003,backup,trend-learning-curve,Results,backend/autonomous_control/runs/9998217140497791_ml_mpo_vector_torque_effort_vector_torque_effort_22-45-01/plots/learning_curves.png,candidates/plots/plot_003_trend-learning-curve_660bb4c2.png,hardlink; run=9998217140497791_ml_mpo_vector_torque_effort_vector_torque_effort_22-45-01
plot-004,backup,trend-learning-curve,Results,backend/autonomous_control/runs/9998217142297111_ml_mpo_decoupled_dual_vector_sparse_22-15-02/plots/learning_curves.png,candidates/plots/plot_004_trend-learning-curve_2d4bc258.png,hardlink; run=9998217142297111_ml_mpo_decoupled_dual_vector_sparse_22-15-02
plot-005,backup,trend-learning-curve,Results,backend/autonomous_control/runs/9998217144237087_ml_mpo_safe_mode_penalty_safe_mode_penalty_on_21-42-42/plots/learning_curves.png,candidates/plots/plot_005_trend-learning-curve_fe6ea712.png,hardlink; run=9998217144237087_ml_mpo_safe_mode_penalty_safe_mode_penalty_on_21-42-42
plot-006,backup,trend-learning-curve,Results,backend/autonomous_control/runs/9998217164480175_ml_mpo_decoupled_dual_torque_sparse_16-05-19/plots/learning_curves.png,candidates/plots/plot_006_trend-learning-curve_59b0f31c.png,hardlink; run=9998217164480175_ml_mpo_decoupled_dual_torque_sparse_16-05-19
plot-007,backup,trend-learning-curve,Results,backend/autonomous_control/runs/9998217165798903_ml_sac_shutter_split_15-43-20/plots/learning_curves.png,candidates/plots/plot_007_trend-learning-curve_aed2ad41.png,hardlink; run=9998217165798903_ml_sac_shutter_split_15-43-20
plot-008,backup,trend-learning-curve,Results,backend/autonomous_control/runs/9998217172220712_ml_sac_vector_budget_13-56-17/plots/learning_curves.png,candidates/plots/plot_008_trend-learning-curve_4f2bfa81.png,hardlink; run=9998217172220712_ml_sac_vector_budget_13-56-17
plot-009,backup,trend-learning-curve,Results,backend/autonomous_control/runs/9998217182442815_ml_ref_ref1_vector_11-05-57/plots/learning_curves.png,candidates/plots/plot_009_trend-learning-curve_018977d9.png,hardlink; run=9998217182442815_ml_ref_ref1_vector_11-05-57
plot-010,backup,trend-learning-curve,Results,backend/autonomous_control/runs/9998217183842846_ml_ref_ref0_torque_10-42-36/plots/learning_curves.png,candidates/plots/plot_010_trend-learning-curve_bba49c7b.png,hardlink; run=9998217183842846_ml_ref_ref0_torque_10-42-36
plot-011,backup,trend-learning-curve,Results,backend/autonomous_control/runs/9998217183948906_ml_ref_ref1_vector_10-40-50/plots/learning_curves.png,candidates/plots/plot_011_trend-learning-curve_a1655563.png,hardlink; run=9998217183948906_ml_ref_ref1_vector_10-40-50
plot-012,backup,trend-learning-curve,Results,backend/autonomous_control/runs/9998217211235184_ml_encoder_r2_sac_a1_03-06-04/plots/learning_curves.png,candidates/plots/plot_012_trend-learning-curve_15c0b30b.png,hardlink; run=9998217211235184_ml_encoder_r2_sac_a1_03-06-04
plot-013,backup,trend-learning-curve,Results,backend/autonomous_control/runs/9998217212521862_ml_encoder_r2_sac_a0_02-44-37/plots/learning_curves.png,candidates/plots/plot_013_trend-learning-curve_4d27ae27.png,hardlink; run=9998217212521862_ml_encoder_r2_sac_a0_02-44-37
plot-014,backup,trend-learning-curve,Results,backend/autonomous_control/runs/9998217214701278_ml_mpo_model_size_mpo_l_02-08-18/plots/learning_curves.png,candidates/plots/plot_014_trend-learning-curve_f503038e.png,hardlink; run=9998217214701278_ml_mpo_model_size_mpo_l_02-08-18
plot-015,backup,trend-learning-curve,Results,backend/autonomous_control/runs/9998217216712049_ml_mpo_model_size_mpo_m_01-34-47/plots/learning_curves.png,candidates/plots/plot_015_trend-learning-curve_a6f18131.png,hardlink; run=9998217216712049_ml_mpo_model_size_mpo_m_01-34-47
plot-016,backup,trend-learning-curve,Results,backend/autonomous_control/runs/9998217218692971_ml_mpo_model_size_mpo_s_01-01-46/plots/learning_curves.png,candidates/plots/plot_016_trend-learning-curve_2f6e2aad.png,hardlink; run=9998217218692971_ml_mpo_model_size_mpo_s_01-01-46
plot-017,backup,trend-learning-curve,Results,backend/autonomous_control/runs/9998217220057912_ml_ref_ref1_vector_00-39-02/plots/learning_curves.png,candidates/plots/plot_017_trend-learning-curve_955df98b.png,hardlink; run=9998217220057912_ml_ref_ref1_vector_00-39-02
plot-018,backup,trend-learning-curve,Results,backend/autonomous_control/runs/9998217221440424_ml_ref_ref0_torque_00-15-58/plots/learning_curves.png,candidates/plots/plot_018_trend-learning-curve_2b55f7e2.png,hardlink; run=9998217221440424_ml_ref_ref0_torque_00-15-58
plot-019,backup,trend-learning-curve,Results,backend/autonomous_control/runs/9998217221580990_ml_ref_ref1_vector_00-13-38/plots/learning_curves.png,candidates/plots/plot_019_trend-learning-curve_960f62ea.png,hardlink; run=9998217221580990_ml_ref_ref1_vector_00-13-38
plot-020,backup,trend-learning-curve,Results,backend/autonomous_control/runs/9998217223719044_ml_ref_ref0_torque_23-38-00/plots/learning_curves.png,candidates/plots/plot_020_trend-learning-curve_8154b58d.png,hardlink; run=9998217223719044_ml_ref_ref0_torque_23-38-00
plot-021,backup,trend-learning-curve,Results,backend/autonomous_control/runs/9998217224670341_ml_compare_compare_mpo_23-22-09/plots/learning_curves.png,candidates/plots/plot_021_trend-learning-curve_8b317cb5.png,hardlink; run=9998217224670341_ml_compare_compare_mpo_23-22-09
plot-022,backup,trend-learning-curve,Results,backend/autonomous_control/runs/9998217225628033_ml_compare_compare_sac_23-06-11/plots/learning_curves.png,candidates/plots/plot_022_trend-learning-curve_b04f4e27.png,hardlink; run=9998217225628033_ml_compare_compare_sac_23-06-11
plot-023,backup,trend-learning-curve,Results,backend/autonomous_control/runs/9998217227276511_ml_sac_hparam_sac_l_dense_22-38-43/plots/learning_curves.png,candidates/plots/plot_023_trend-learning-curve_2e6632f6.png,hardlink; run=9998217227276511_ml_sac_hparam_sac_l_dense_22-38-43
plot-024,backup,trend-learning-curve,Results,backend/autonomous_control/runs/9998217228551604_ml_sac_hparam_sac_l_sparse_22-17-28/plots/learning_curves.png,candidates/plots/plot_024_trend-learning-curve_4e455554.png,hardlink; run=9998217228551604_ml_sac_hparam_sac_l_sparse_22-17-28
plot-025,backup,trend-learning-curve,Results,backend/autonomous_control/runs/9998217229553392_ml_sac_hparam_sac_m_dense_22-00-46/plots/learning_curves.png,candidates/plots/plot_025_trend-learning-curve_b628c871.png,hardlink; run=9998217229553392_ml_sac_hparam_sac_m_dense_22-00-46
plot-026,backup,trend-learning-curve,Results,backend/autonomous_control/runs/9998217230681332_ml_sac_hparam_sac_m_sparse_21-41-58/plots/learning_curves.png,candidates/plots/plot_026_trend-learning-curve_831d7510.png,hardlink; run=9998217230681332_ml_sac_hparam_sac_m_sparse_21-41-58
plot-027,backup,trend-learning-curve,Results,backend/autonomous_control/runs/9998217232015016_ml_sac_hparam_sac_s_dense_21-19-44/plots/learning_curves.png,candidates/plots/plot_027_trend-learning-curve_2a722866.png,hardlink; run=9998217232015016_ml_sac_hparam_sac_s_dense_21-19-44
plot-028,backup,trend-learning-curve,Results,backend/autonomous_control/runs/9998217233352053_ml_sac_hparam_sac_s_sparse_20-57-27/plots/learning_curves.png,candidates/plots/plot_028_trend-learning-curve_1438bdd3.png,hardlink; run=9998217233352053_ml_sac_hparam_sac_s_sparse_20-57-27
plot-029,backup,trend-learning-curve,Results,backend/autonomous_control/runs/9998217234669516_ml_encoder_sac_a0_20-35-29/plots/learning_curves.png,candidates/plots/plot_029_trend-learning-curve_99121fd2.png,hardlink; run=9998217234669516_ml_encoder_sac_a0_20-35-29
plot-030,backup,trend-learning-curve,Results,backend/autonomous_control/runs/9998217248114377_ml_encoder_sac_a1_16-51-25/plots/learning_curves.png,candidates/plots/plot_030_trend-learning-curve_4c38b075.png,hardlink; run=9998217248114377_ml_encoder_sac_a1_16-51-25
plot-031,backup,trend-learning-curve,Results,backend/autonomous_control/runs/9998217249101092_ml_encoder_sac_a0_16-34-58/plots/learning_curves.png,candidates/plots/plot_031_trend-learning-curve_ba9d515c.png,hardlink; run=9998217249101092_ml_encoder_sac_a0_16-34-58
plot-032,backup,trend-learning-curve,Results,backend/autonomous_control/runs/9998217254656575_ml_shutter_mpo_t09_15-02-22/plots/learning_curves.png,candidates/plots/plot_032_trend-learning-curve_d7fd204e.png,hardlink; run=9998217254656575_ml_shutter_mpo_t09_15-02-22
plot-033,backup,trend-learning-curve,Results,backend/autonomous_control/runs/ml_learning_signal_baseline_17-19-54/plots/learning_curves.png,candidates/plots/plot_033_trend-learning-curve_e8caf0a1.png,hardlink; run=ml_learning_signal_baseline_17-19-54
plot-034,backup,trend-learning-curve,Results,backend/autonomous_control/runs/ml_ls_c1_no_dropout_high_pi_lr_17-46-27/plots/learning_curves.png,candidates/plots/plot_034_trend-learning-curve_32035c48.png,hardlink; run=ml_ls_c1_no_dropout_high_pi_lr_17-46-27
plot-035,backup,trend-learning-curve,Results,backend/autonomous_control/runs/ml_overnight_h1a_mpo_sparse_22-18-35/plots/learning_curves.png,candidates/plots/plot_035_trend-learning-curve_22083cb0.png,hardlink; run=ml_overnight_h1a_mpo_sparse_22-18-35
plot-036,backup,trend-learning-curve,Results,backend/autonomous_control/runs/ml_overnight_h1a_mpo_sparse_23-20-15/plots/learning_curves.png,candidates/plots/plot_036_trend-learning-curve_4ebe1548.png,hardlink; run=ml_overnight_h1a_mpo_sparse_23-20-15
plot-037,backup,trend-learning-curve,Results,backend/autonomous_control/runs/ml_overnight_h1b_mpo_stable_eta_23-42-59/plots/learning_curves.png,candidates/plots/plot_037_trend-learning-curve_75135111.png,hardlink; run=ml_overnight_h1b_mpo_stable_eta_23-42-59
plot-038,backup,trend-learning-curve,Results,backend/autonomous_control/runs/ml_overnight_h4_sac_00-28-52/plots/learning_curves.png,candidates/plots/plot_038_trend-learning-curve_91a44043.png,hardlink; run=ml_overnight_h4_sac_00-28-52
plot-039,backup,trend-learning-curve,Results,backend/autonomous_control/runs/ml_overnight_h6_mpo_dense_latent_00-05-01/plots/learning_curves.png,candidates/plots/plot_039_trend-learning-curve_a12876eb.png,hardlink; run=ml_overnight_h6_mpo_dense_latent_00-05-01
plot-040,backup,trend-learning-curve,Results,backend/autonomous_control/runs/ml_overnight_h6_mpo_dense_latent_22-46-28/plots/learning_curves.png,candidates/plots/plot_040_trend-learning-curve_44648368.png,hardlink; run=ml_overnight_h6_mpo_dense_latent_22-46-28
plot-041,backup,trend-learning-curve,Results,backend/autonomous_control/runs/ml_shutter_mpo_t05_14-04-49/plots/learning_curves.png,candidates/plots/plot_041_trend-learning-curve_8d787b52.png,hardlink; run=ml_shutter_mpo_t05_14-04-49
plot-042,backup,trend-learning-curve,Results,backend/autonomous_control/runs/nb-s01-08-2026-06-24_18-36-58/plots/learning_curves.png,candidates/plots/plot_042_trend-learning-curve_20854678.png,hardlink; run=nb-s01-08-2026-06-24_18-36-58
plot-043,backup,trend-learning-curve,Results,backend/autonomous_control/runs/nb-s01-08-2026-06-24_21-32-21/plots/learning_curves.png,candidates/plots/plot_043_trend-learning-curve_bdd15da4.png,hardlink; run=nb-s01-08-2026-06-24_21-32-21
plot-044,backup,trend-learning-curve,Results,backend/autonomous_control/runs/nb-s01-08-2026-06-24_22-48-52/plots/learning_curves.png,candidates/plots/plot_044_trend-learning-curve_f56e2820.png,hardlink; run=nb-s01-08-2026-06-24_22-48-52
plot-045,backup,trend-learning-curve,Results,backend/autonomous_control/runs/nb-s01-08-2026-06-25_07-31-43/plots/learning_curves.png,candidates/plots/plot_045_trend-learning-curve_82b7c894.png,hardlink; run=nb-s01-08-2026-06-25_07-31-43
plot-046,backup,trend-learning-curve,Results,backend/autonomous_control/runs/nb-s01-08-2026-06-26_08-15-09/plots/learning_curves.png,candidates/plots/plot_046_trend-learning-curve_154b3321.png,hardlink; run=nb-s01-08-2026-06-26_08-15-09
plot-047,backup,trend-learning-curve,Results,backend/autonomous_control/runs/nb-s01-08-2026-06-27_08-10-34/plots/learning_curves.png,candidates/plots/plot_047_trend-learning-curve_5a02d18e.png,hardlink; run=nb-s01-08-2026-06-27_08-10-34
plot-048,backup,trend-learning-curve,Results,backend/autonomous_control/runs/nb-s01-08-2026-06-27_12-19-52/plots/learning_curves.png,candidates/plots/plot_048_trend-learning-curve_4f22b359.png,hardlink; run=nb-s01-08-2026-06-27_12-19-52
plot-049,backup,trend-learning-curve,Results,backend/autonomous_control/runs/nb-s01-08-2026-06-27_13-50-06/plots/learning_curves.png,candidates/plots/plot_049_trend-learning-curve_a0753a9e.png,hardlink; run=nb-s01-08-2026-06-27_13-50-06
plot-050,backup,trend-learning-curve,Results,backend/autonomous_control/runs/nb-s01-08-2026-06-28_13-42-21/plots/learning_curves.png,candidates/plots/plot_050_trend-learning-curve_19fdb1c9.png,hardlink; run=nb-s01-08-2026-06-28_13-42-21
plot-051,backup,trend-returns,Results,backend/autonomous_control/runs/9998217137783822_ml_mpo_learn_cadence_cadence_1_1_50_23-30-16/plots/returns_by_episode.png,candidates/plots/plot_051_trend-returns_44d71e99.png,hardlink; run=9998217137783822_ml_mpo_learn_cadence_cadence_1_1_50_23-30-16
plot-052,backup,trend-returns,Results,backend/autonomous_control/runs/9998217138176094_ml_mpo_learn_cadence_cadence_1_1_10_23-23-43/plots/returns_by_episode.png,candidates/plots/plot_052_trend-returns_86af4332.png,hardlink; run=9998217138176094_ml_mpo_learn_cadence_cadence_1_1_10_23-23-43
plot-053,backup,trend-returns,Results,backend/autonomous_control/runs/9998217138572967_ml_mpo_learn_cadence_baseline_1_1_1_23-17-06/plots/returns_by_episode.png,candidates/plots/plot_053_trend-returns_38a96ca9.png,hardlink; run=9998217138572967_ml_mpo_learn_cadence_baseline_1_1_1_23-17-06
plot-054,backup,trend-returns,Results,backend/autonomous_control/runs/9998217140497791_ml_mpo_vector_torque_effort_vector_torque_effort_22-45-01/plots/returns_by_episode.png,candidates/plots/plot_054_trend-returns_62a0c944.png,hardlink; run=9998217140497791_ml_mpo_vector_torque_effort_vector_torque_effort_22-45-01
plot-055,backup,trend-returns,Results,backend/autonomous_control/runs/9998217142297111_ml_mpo_decoupled_dual_vector_sparse_22-15-02/plots/returns_by_episode.png,candidates/plots/plot_055_trend-returns_925a1c0d.png,hardlink; run=9998217142297111_ml_mpo_decoupled_dual_vector_sparse_22-15-02
plot-056,backup,trend-returns,Results,backend/autonomous_control/runs/9998217144237087_ml_mpo_safe_mode_penalty_safe_mode_penalty_on_21-42-42/plots/returns_by_episode.png,candidates/plots/plot_056_trend-returns_f961baea.png,hardlink; run=9998217144237087_ml_mpo_safe_mode_penalty_safe_mode_penalty_on_21-42-42
plot-057,backup,trend-returns,Results,backend/autonomous_control/runs/9998217164480175_ml_mpo_decoupled_dual_torque_sparse_16-05-19/plots/returns_by_episode.png,candidates/plots/plot_057_trend-returns_5c029164.png,hardlink; run=9998217164480175_ml_mpo_decoupled_dual_torque_sparse_16-05-19
plot-058,backup,trend-returns,Results,backend/autonomous_control/runs/9998217165798903_ml_sac_shutter_split_15-43-20/plots/returns_by_episode.png,candidates/plots/plot_058_trend-returns_59125ada.png,hardlink; run=9998217165798903_ml_sac_shutter_split_15-43-20
plot-059,backup,trend-returns,Results,backend/autonomous_control/runs/9998217172220712_ml_sac_vector_budget_13-56-17/plots/returns_by_episode.png,candidates/plots/plot_059_trend-returns_9116c52d.png,hardlink; run=9998217172220712_ml_sac_vector_budget_13-56-17
plot-060,backup,trend-returns,Results,backend/autonomous_control/runs/9998217182442815_ml_ref_ref1_vector_11-05-57/plots/returns_by_episode.png,candidates/plots/plot_060_trend-returns_5be1aed9.png,hardlink; run=9998217182442815_ml_ref_ref1_vector_11-05-57
plot-061,backup,trend-returns,Results,backend/autonomous_control/runs/9998217183842846_ml_ref_ref0_torque_10-42-36/plots/returns_by_episode.png,candidates/plots/plot_061_trend-returns_f6e34324.png,hardlink; run=9998217183842846_ml_ref_ref0_torque_10-42-36
plot-062,backup,trend-returns,Results,backend/autonomous_control/runs/9998217183948906_ml_ref_ref1_vector_10-40-50/plots/returns_by_episode.png,candidates/plots/plot_062_trend-returns_5f03614f.png,hardlink; run=9998217183948906_ml_ref_ref1_vector_10-40-50
plot-063,backup,trend-returns,Results,backend/autonomous_control/runs/9998217211235184_ml_encoder_r2_sac_a1_03-06-04/plots/returns_by_episode.png,candidates/plots/plot_063_trend-returns_1ab4d278.png,hardlink; run=9998217211235184_ml_encoder_r2_sac_a1_03-06-04
plot-064,backup,trend-returns,Results,backend/autonomous_control/runs/9998217212521862_ml_encoder_r2_sac_a0_02-44-37/plots/returns_by_episode.png,candidates/plots/plot_064_trend-returns_9cc8a61f.png,hardlink; run=9998217212521862_ml_encoder_r2_sac_a0_02-44-37
plot-065,backup,trend-returns,Results,backend/autonomous_control/runs/9998217214701278_ml_mpo_model_size_mpo_l_02-08-18/plots/returns_by_episode.png,candidates/plots/plot_065_trend-returns_7388d574.png,hardlink; run=9998217214701278_ml_mpo_model_size_mpo_l_02-08-18
plot-066,backup,trend-returns,Results,backend/autonomous_control/runs/9998217216712049_ml_mpo_model_size_mpo_m_01-34-47/plots/returns_by_episode.png,candidates/plots/plot_066_trend-returns_2336ac0d.png,hardlink; run=9998217216712049_ml_mpo_model_size_mpo_m_01-34-47
plot-067,backup,trend-returns,Results,backend/autonomous_control/runs/9998217218692971_ml_mpo_model_size_mpo_s_01-01-46/plots/returns_by_episode.png,candidates/plots/plot_067_trend-returns_297009a0.png,hardlink; run=9998217218692971_ml_mpo_model_size_mpo_s_01-01-46
plot-068,backup,trend-returns,Results,backend/autonomous_control/runs/9998217220057912_ml_ref_ref1_vector_00-39-02/plots/returns_by_episode.png,candidates/plots/plot_068_trend-returns_248a2478.png,hardlink; run=9998217220057912_ml_ref_ref1_vector_00-39-02
plot-069,backup,trend-returns,Results,backend/autonomous_control/runs/9998217221440424_ml_ref_ref0_torque_00-15-58/plots/returns_by_episode.png,candidates/plots/plot_069_trend-returns_81afb5e3.png,hardlink; run=9998217221440424_ml_ref_ref0_torque_00-15-58
plot-070,backup,trend-returns,Results,backend/autonomous_control/runs/9998217221580990_ml_ref_ref1_vector_00-13-38/plots/returns_by_episode.png,candidates/plots/plot_070_trend-returns_1ea2ca20.png,hardlink; run=9998217221580990_ml_ref_ref1_vector_00-13-38
plot-071,backup,trend-returns,Results,backend/autonomous_control/runs/9998217223719044_ml_ref_ref0_torque_23-38-00/plots/returns_by_episode.png,candidates/plots/plot_071_trend-returns_f2955bb3.png,hardlink; run=9998217223719044_ml_ref_ref0_torque_23-38-00
plot-072,backup,trend-returns,Results,backend/autonomous_control/runs/9998217224670341_ml_compare_compare_mpo_23-22-09/plots/returns_by_episode.png,candidates/plots/plot_072_trend-returns_843e679f.png,hardlink; run=9998217224670341_ml_compare_compare_mpo_23-22-09
plot-073,backup,trend-returns,Results,backend/autonomous_control/runs/9998217225628033_ml_compare_compare_sac_23-06-11/plots/returns_by_episode.png,candidates/plots/plot_073_trend-returns_277127c9.png,hardlink; run=9998217225628033_ml_compare_compare_sac_23-06-11
plot-074,backup,trend-returns,Results,backend/autonomous_control/runs/9998217227276511_ml_sac_hparam_sac_l_dense_22-38-43/plots/returns_by_episode.png,candidates/plots/plot_074_trend-returns_076415a5.png,hardlink; run=9998217227276511_ml_sac_hparam_sac_l_dense_22-38-43
plot-075,backup,trend-returns,Results,backend/autonomous_control/runs/9998217228551604_ml_sac_hparam_sac_l_sparse_22-17-28/plots/returns_by_episode.png,candidates/plots/plot_075_trend-returns_5101aa16.png,hardlink; run=9998217228551604_ml_sac_hparam_sac_l_sparse_22-17-28
plot-076,backup,trend-returns,Results,backend/autonomous_control/runs/9998217229553392_ml_sac_hparam_sac_m_dense_22-00-46/plots/returns_by_episode.png,candidates/plots/plot_076_trend-returns_0b252896.png,hardlink; run=9998217229553392_ml_sac_hparam_sac_m_dense_22-00-46
plot-077,backup,trend-returns,Results,backend/autonomous_control/runs/9998217230681332_ml_sac_hparam_sac_m_sparse_21-41-58/plots/returns_by_episode.png,candidates/plots/plot_077_trend-returns_da9ab09f.png,hardlink; run=9998217230681332_ml_sac_hparam_sac_m_sparse_21-41-58
plot-078,backup,trend-returns,Results,backend/autonomous_control/runs/9998217232015016_ml_sac_hparam_sac_s_dense_21-19-44/plots/returns_by_episode.png,candidates/plots/plot_078_trend-returns_c91491e9.png,hardlink; run=9998217232015016_ml_sac_hparam_sac_s_dense_21-19-44
plot-079,backup,trend-returns,Results,backend/autonomous_control/runs/9998217233352053_ml_sac_hparam_sac_s_sparse_20-57-27/plots/returns_by_episode.png,candidates/plots/plot_079_trend-returns_0b215962.png,hardlink; run=9998217233352053_ml_sac_hparam_sac_s_sparse_20-57-27
plot-080,backup,trend-returns,Results,backend/autonomous_control/runs/9998217234669516_ml_encoder_sac_a0_20-35-29/plots/returns_by_episode.png,candidates/plots/plot_080_trend-returns_7054f2d1.png,hardlink; run=9998217234669516_ml_encoder_sac_a0_20-35-29
plot-081,backup,trend-returns,Results,backend/autonomous_control/runs/9998217248114377_ml_encoder_sac_a1_16-51-25/plots/returns_by_episode.png,candidates/plots/plot_081_trend-returns_0e676f20.png,hardlink; run=9998217248114377_ml_encoder_sac_a1_16-51-25
plot-082,backup,trend-returns,Results,backend/autonomous_control/runs/9998217249101092_ml_encoder_sac_a0_16-34-58/plots/returns_by_episode.png,candidates/plots/plot_082_trend-returns_ed0324ae.png,hardlink; run=9998217249101092_ml_encoder_sac_a0_16-34-58
plot-083,backup,trend-returns,Results,backend/autonomous_control/runs/9998217254656575_ml_shutter_mpo_t09_15-02-22/plots/returns_by_episode.png,candidates/plots/plot_083_trend-returns_95565c5f.png,hardlink; run=9998217254656575_ml_shutter_mpo_t09_15-02-22
plot-084,backup,trend-returns,Results,backend/autonomous_control/runs/ml_learning_signal_baseline_17-19-54/plots/returns_by_episode.png,candidates/plots/plot_084_trend-returns_c53c1401.png,hardlink; run=ml_learning_signal_baseline_17-19-54
plot-085,backup,trend-returns,Results,backend/autonomous_control/runs/ml_ls_c1_no_dropout_high_pi_lr_17-46-27/plots/returns_by_episode.png,candidates/plots/plot_085_trend-returns_2bfdc298.png,hardlink; run=ml_ls_c1_no_dropout_high_pi_lr_17-46-27
plot-086,backup,trend-returns,Results,backend/autonomous_control/runs/ml_overnight_h1a_mpo_sparse_22-18-35/plots/returns_by_episode.png,candidates/plots/plot_086_trend-returns_ebf28886.png,hardlink; run=ml_overnight_h1a_mpo_sparse_22-18-35
plot-087,backup,trend-returns,Results,backend/autonomous_control/runs/ml_overnight_h1a_mpo_sparse_23-20-15/plots/returns_by_episode.png,candidates/plots/plot_087_trend-returns_12cefa34.png,hardlink; run=ml_overnight_h1a_mpo_sparse_23-20-15
plot-088,backup,trend-returns,Results,backend/autonomous_control/runs/ml_overnight_h1b_mpo_stable_eta_23-42-59/plots/returns_by_episode.png,candidates/plots/plot_088_trend-returns_ce4df126.png,hardlink; run=ml_overnight_h1b_mpo_stable_eta_23-42-59
plot-089,backup,trend-returns,Results,backend/autonomous_control/runs/ml_overnight_h4_sac_00-28-52/plots/returns_by_episode.png,candidates/plots/plot_089_trend-returns_46fcfe59.png,hardlink; run=ml_overnight_h4_sac_00-28-52
plot-090,backup,trend-returns,Results,backend/autonomous_control/runs/ml_overnight_h6_mpo_dense_latent_00-05-01/plots/returns_by_episode.png,candidates/plots/plot_090_trend-returns_3b38a026.png,hardlink; run=ml_overnight_h6_mpo_dense_latent_00-05-01
plot-091,backup,trend-returns,Results,backend/autonomous_control/runs/ml_overnight_h6_mpo_dense_latent_22-46-28/plots/returns_by_episode.png,candidates/plots/plot_091_trend-returns_8056e58f.png,hardlink; run=ml_overnight_h6_mpo_dense_latent_22-46-28
plot-092,backup,trend-returns,Results,backend/autonomous_control/runs/ml_shutter_mpo_t05_14-04-49/plots/returns_by_episode.png,candidates/plots/plot_092_trend-returns_8ca1b002.png,hardlink; run=ml_shutter_mpo_t05_14-04-49
plot-093,backup,trend-returns,Results,backend/autonomous_control/runs/nb-s01-08-2026-06-24_18-36-58/plots/returns_by_episode.png,candidates/plots/plot_093_trend-returns_97feda4e.png,hardlink; run=nb-s01-08-2026-06-24_18-36-58
plot-094,backup,trend-returns,Results,backend/autonomous_control/runs/nb-s01-08-2026-06-24_21-32-21/plots/returns_by_episode.png,candidates/plots/plot_094_trend-returns_5df53f36.png,hardlink; run=nb-s01-08-2026-06-24_21-32-21
plot-095,backup,trend-returns,Results,backend/autonomous_control/runs/nb-s01-08-2026-06-24_22-48-52/plots/returns_by_episode.png,candidates/plots/plot_095_trend-returns_d6b2f90a.png,hardlink; run=nb-s01-08-2026-06-24_22-48-52
plot-096,backup,trend-returns,Results,backend/autonomous_control/runs/nb-s01-08-2026-06-25_07-31-43/plots/returns_by_episode.png,candidates/plots/plot_096_trend-returns_3e638823.png,hardlink; run=nb-s01-08-2026-06-25_07-31-43
plot-097,backup,trend-returns,Results,backend/autonomous_control/runs/nb-s01-08-2026-06-26_08-15-09/plots/returns_by_episode.png,candidates/plots/plot_097_trend-returns_0653983f.png,hardlink; run=nb-s01-08-2026-06-26_08-15-09
plot-098,backup,trend-returns,Results,backend/autonomous_control/runs/nb-s01-08-2026-06-27_08-10-34/plots/returns_by_episode.png,candidates/plots/plot_098_trend-returns_347c20f0.png,hardlink; run=nb-s01-08-2026-06-27_08-10-34
plot-099,backup,trend-returns,Results,backend/autonomous_control/runs/nb-s01-08-2026-06-27_12-19-52/plots/returns_by_episode.png,candidates/plots/plot_099_trend-returns_f2df9753.png,hardlink; run=nb-s01-08-2026-06-27_12-19-52
plot-100,backup,trend-returns,Results,backend/autonomous_control/runs/nb-s01-08-2026-06-27_13-50-06/plots/returns_by_episode.png,candidates/plots/plot_100_trend-returns_68b1ccdf.png,hardlink; run=nb-s01-08-2026-06-27_13-50-06
plot-101,backup,trend-returns,Results,backend/autonomous_control/runs/nb-s01-08-2026-06-28_13-42-21/plots/returns_by_episode.png,candidates/plots/plot_101_trend-returns_2999af93.png,hardlink; run=nb-s01-08-2026-06-28_13-42-21
plot-102,backup,episode-diagnostics-eval,Results,backend/autonomous_control/runs/9998217137783822_ml_mpo_learn_cadence_cadence_1_1_50_23-30-16/plots/eval_episode_diagnostics.png,candidates/plots/plot_102_episode-diagnostics-eval_a570f9cd.png,hardlink; run=9998217137783822_ml_mpo_learn_cadence_cadence_1_1_50_23-30-16
plot-103,backup,episode-diagnostics-eval,Results,backend/autonomous_control/runs/9998217138176094_ml_mpo_learn_cadence_cadence_1_1_10_23-23-43/plots/eval_episode_diagnostics.png,candidates/plots/plot_103_episode-diagnostics-eval_b1ba975e.png,hardlink; run=9998217138176094_ml_mpo_learn_cadence_cadence_1_1_10_23-23-43
plot-104,backup,episode-diagnostics-eval,Results,backend/autonomous_control/runs/9998217138572967_ml_mpo_learn_cadence_baseline_1_1_1_23-17-06/plots/eval_episode_diagnostics.png,candidates/plots/plot_104_episode-diagnostics-eval_52608772.png,hardlink; run=9998217138572967_ml_mpo_learn_cadence_baseline_1_1_1_23-17-06
plot-105,backup,episode-diagnostics-eval,Results,backend/autonomous_control/runs/9998217140497791_ml_mpo_vector_torque_effort_vector_torque_effort_22-45-01/plots/eval_episode_diagnostics.png,candidates/plots/plot_105_episode-diagnostics-eval_7db59a5e.png,hardlink; run=9998217140497791_ml_mpo_vector_torque_effort_vector_torque_effort_22-45-01
plot-106,backup,episode-diagnostics-eval,Results,backend/autonomous_control/runs/9998217142297111_ml_mpo_decoupled_dual_vector_sparse_22-15-02/plots/eval_episode_diagnostics.png,candidates/plots/plot_106_episode-diagnostics-eval_965bfa29.png,hardlink; run=9998217142297111_ml_mpo_decoupled_dual_vector_sparse_22-15-02
plot-107,backup,episode-diagnostics-eval,Results,backend/autonomous_control/runs/9998217144237087_ml_mpo_safe_mode_penalty_safe_mode_penalty_on_21-42-42/plots/eval_episode_diagnostics.png,candidates/plots/plot_107_episode-diagnostics-eval_b9780f3c.png,hardlink; run=9998217144237087_ml_mpo_safe_mode_penalty_safe_mode_penalty_on_21-42-42
plot-108,backup,episode-diagnostics-eval,Results,backend/autonomous_control/runs/9998217164480175_ml_mpo_decoupled_dual_torque_sparse_16-05-19/plots/eval_episode_diagnostics.png,candidates/plots/plot_108_episode-diagnostics-eval_24199622.png,hardlink; run=9998217164480175_ml_mpo_decoupled_dual_torque_sparse_16-05-19
plot-109,backup,episode-diagnostics-eval,Results,backend/autonomous_control/runs/9998217165798903_ml_sac_shutter_split_15-43-20/plots/eval_episode_diagnostics.png,candidates/plots/plot_109_episode-diagnostics-eval_164210af.png,hardlink; run=9998217165798903_ml_sac_shutter_split_15-43-20
plot-110,backup,episode-diagnostics-eval,Results,backend/autonomous_control/runs/9998217172220712_ml_sac_vector_budget_13-56-17/plots/eval_episode_diagnostics.png,candidates/plots/plot_110_episode-diagnostics-eval_c5c6d2a2.png,hardlink; run=9998217172220712_ml_sac_vector_budget_13-56-17
plot-111,backup,episode-diagnostics-eval,Results,backend/autonomous_control/runs/9998217182442815_ml_ref_ref1_vector_11-05-57/plots/eval_episode_diagnostics.png,candidates/plots/plot_111_episode-diagnostics-eval_1731dcb8.png,hardlink; run=9998217182442815_ml_ref_ref1_vector_11-05-57
plot-112,backup,episode-diagnostics-eval,Results,backend/autonomous_control/runs/9998217183842846_ml_ref_ref0_torque_10-42-36/plots/eval_episode_diagnostics.png,candidates/plots/plot_112_episode-diagnostics-eval_7cba052d.png,hardlink; run=9998217183842846_ml_ref_ref0_torque_10-42-36
plot-113,backup,episode-diagnostics-eval,Results,backend/autonomous_control/runs/9998217183948906_ml_ref_ref1_vector_10-40-50/plots/eval_episode_diagnostics.png,candidates/plots/plot_113_episode-diagnostics-eval_0ffeadb9.png,hardlink; run=9998217183948906_ml_ref_ref1_vector_10-40-50
plot-114,backup,episode-diagnostics-eval,Results,backend/autonomous_control/runs/9998217211235184_ml_encoder_r2_sac_a1_03-06-04/plots/eval_episode_diagnostics.png,candidates/plots/plot_114_episode-diagnostics-eval_7f563ada.png,hardlink; run=9998217211235184_ml_encoder_r2_sac_a1_03-06-04
plot-115,backup,episode-diagnostics-eval,Results,backend/autonomous_control/runs/9998217212521862_ml_encoder_r2_sac_a0_02-44-37/plots/eval_episode_diagnostics.png,candidates/plots/plot_115_episode-diagnostics-eval_b5fb9be5.png,hardlink; run=9998217212521862_ml_encoder_r2_sac_a0_02-44-37
plot-116,backup,episode-diagnostics-eval,Results,backend/autonomous_control/runs/9998217214701278_ml_mpo_model_size_mpo_l_02-08-18/plots/eval_episode_diagnostics.png,candidates/plots/plot_116_episode-diagnostics-eval_d3a2e2f0.png,hardlink; run=9998217214701278_ml_mpo_model_size_mpo_l_02-08-18
plot-117,backup,episode-diagnostics-eval,Results,backend/autonomous_control/runs/9998217216712049_ml_mpo_model_size_mpo_m_01-34-47/plots/eval_episode_diagnostics.png,candidates/plots/plot_117_episode-diagnostics-eval_4cc5c240.png,hardlink; run=9998217216712049_ml_mpo_model_size_mpo_m_01-34-47
plot-118,backup,episode-diagnostics-eval,Results,backend/autonomous_control/runs/9998217218692971_ml_mpo_model_size_mpo_s_01-01-46/plots/eval_episode_diagnostics.png,candidates/plots/plot_118_episode-diagnostics-eval_3a920896.png,hardlink; run=9998217218692971_ml_mpo_model_size_mpo_s_01-01-46
plot-119,backup,episode-diagnostics-eval,Results,backend/autonomous_control/runs/9998217220057912_ml_ref_ref1_vector_00-39-02/plots/eval_episode_diagnostics.png,candidates/plots/plot_119_episode-diagnostics-eval_c946a98a.png,hardlink; run=9998217220057912_ml_ref_ref1_vector_00-39-02
theme-targets-00,theme,static-target-placement,Introduction / Methods,backend/notebooks/s01/artifacts/07-baseline-overflight.mp4,candidates/themes/01_target_placement/theme-targets_n00_of_03_f000144_t0007.2s.png,baseline overflight; corridor/targets visible mid-approach; neighbor 1/3; frame=144
theme-targets-01,theme,static-target-placement,Introduction / Methods,backend/notebooks/s01/artifacts/07-baseline-overflight.mp4,candidates/themes/01_target_placement/theme-targets_n01_of_03_f000153_t0007.7s.png,baseline overflight; corridor/targets visible mid-approach; neighbor 2/3; frame=153
theme-targets-02,theme,static-target-placement,Introduction / Methods,backend/notebooks/s01/artifacts/07-baseline-overflight.mp4,candidates/themes/01_target_placement/theme-targets_n02_of_03_f000162_t0008.1s.png,baseline overflight; corridor/targets visible mid-approach; neighbor 3/3; frame=162
theme-targets-early-00,theme,static-target-placement,Introduction / Methods,backend/notebooks/s01/artifacts/07-baseline-overflight.mp4,candidates/themes/01_target_placement/theme-targets-early_n00_of_03_f000057_t0002.9s.png,baseline still cluster (early); neighbor 1/3; frame=57
theme-targets-early-01,theme,static-target-placement,Introduction / Methods,backend/notebooks/s01/artifacts/07-baseline-overflight.mp4,candidates/themes/01_target_placement/theme-targets-early_n01_of_03_f000066_t0003.3s.png,baseline still cluster (early); neighbor 2/3; frame=66
theme-targets-early-02,theme,static-target-placement,Introduction / Methods,backend/notebooks/s01/artifacts/07-baseline-overflight.mp4,candidates/themes/01_target_placement/theme-targets-early_n02_of_03_f000075_t0003.8s.png,baseline still cluster (early); neighbor 3/3; frame=75
theme-targets-mid-00,theme,static-target-placement,Introduction / Methods,backend/notebooks/s01/artifacts/07-baseline-overflight.mp4,candidates/themes/01_target_placement/theme-targets-mid_n00_of_03_f000209_t0010.4s.png,baseline still cluster (mid); neighbor 1/3; frame=209
theme-targets-mid-01,theme,static-target-placement,Introduction / Methods,backend/notebooks/s01/artifacts/07-baseline-overflight.mp4,candidates/themes/01_target_placement/theme-targets-mid_n01_of_03_f000218_t0010.9s.png,baseline still cluster (mid); neighbor 2/3; frame=218
theme-targets-mid-02,theme,static-target-placement,Introduction / Methods,backend/notebooks/s01/artifacts/07-baseline-overflight.mp4,candidates/themes/01_target_placement/theme-targets-mid_n02_of_03_f000227_t0011.3s.png,baseline still cluster (mid); neighbor 3/3; frame=227
theme-targets-late-00,theme,static-target-placement,Introduction / Methods,backend/notebooks/s01/artifacts/07-baseline-overflight.mp4,candidates/themes/01_target_placement/theme-targets-late_n00_of_03_f000319_t0015.9s.png,baseline still cluster (late); neighbor 1/3; frame=319
theme-targets-late-01,theme,static-target-placement,Introduction / Methods,backend/notebooks/s01/artifacts/07-baseline-overflight.mp4,candidates/themes/01_target_placement/theme-targets-late_n01_of_03_f000328_t0016.4s.png,baseline still cluster (late); neighbor 2/3; frame=328
theme-targets-late-02,theme,static-target-placement,Introduction / Methods,backend/notebooks/s01/artifacts/07-baseline-overflight.mp4,candidates/themes/01_target_placement/theme-targets-late_n02_of_03_f000337_t0016.9s.png,baseline still cluster (late); neighbor 3/3; frame=337
theme-clouds-5-00,theme,dynamic-cloud-generation,Methods,backend/notebooks/s01/artifacts/07-baseline-overflight-vector.mp4,candidates/themes/02_cloud_motion/theme-clouds-5_n00_of_05_f000179_t0008.9s.png,cloud field motion across neighbor frames; neighbor 1/5; frame=179
theme-clouds-5-01,theme,dynamic-cloud-generation,Methods,backend/notebooks/s01/artifacts/07-baseline-overflight-vector.mp4,candidates/themes/02_cloud_motion/theme-clouds-5_n01_of_05_f000188_t0009.4s.png,cloud field motion across neighbor frames; neighbor 2/5; frame=188
theme-clouds-5-02,theme,dynamic-cloud-generation,Methods,backend/notebooks/s01/artifacts/07-baseline-overflight-vector.mp4,candidates/themes/02_cloud_motion/theme-clouds-5_n02_of_05_f000197_t0009.8s.png,cloud field motion across neighbor frames; neighbor 3/5; frame=197
theme-clouds-5-03,theme,dynamic-cloud-generation,Methods,backend/notebooks/s01/artifacts/07-baseline-overflight-vector.mp4,candidates/themes/02_cloud_motion/theme-clouds-5_n03_of_05_f000206_t0010.3s.png,cloud field motion across neighbor frames; neighbor 4/5; frame=206
theme-clouds-5-04,theme,dynamic-cloud-generation,Methods,backend/notebooks/s01/artifacts/07-baseline-overflight-vector.mp4,candidates/themes/02_cloud_motion/theme-clouds-5_n04_of_05_f000215_t0010.8s.png,cloud field motion across neighbor frames; neighbor 5/5; frame=215
theme-clouds-7-00,theme,dynamic-cloud-generation,Methods,backend/notebooks/s01/artifacts/07-baseline-overflight-vector.mp4,candidates/themes/02_cloud_motion/theme-clouds-7_n00_of_07_f000213_t0010.7s.png,longer cloud motion series; neighbor 1/7; frame=213
theme-clouds-7-01,theme,dynamic-cloud-generation,Methods,backend/notebooks/s01/artifacts/07-baseline-overflight-vector.mp4,candidates/themes/02_cloud_motion/theme-clouds-7_n01_of_07_f000222_t0011.1s.png,longer cloud motion series; neighbor 2/7; frame=222
theme-clouds-7-02,theme,dynamic-cloud-generation,Methods,backend/notebooks/s01/artifacts/07-baseline-overflight-vector.mp4,candidates/themes/02_cloud_motion/theme-clouds-7_n02_of_07_f000231_t0011.6s.png,longer cloud motion series; neighbor 3/7; frame=231
theme-clouds-7-03,theme,dynamic-cloud-generation,Methods,backend/notebooks/s01/artifacts/07-baseline-overflight-vector.mp4,candidates/themes/02_cloud_motion/theme-clouds-7_n03_of_07_f000240_t0012.0s.png,longer cloud motion series; neighbor 4/7; frame=240
theme-clouds-7-04,theme,dynamic-cloud-generation,Methods,backend/notebooks/s01/artifacts/07-baseline-overflight-vector.mp4,candidates/themes/02_cloud_motion/theme-clouds-7_n04_of_07_f000249_t0012.4s.png,longer cloud motion series; neighbor 5/7; frame=249
theme-clouds-7-05,theme,dynamic-cloud-generation,Methods,backend/notebooks/s01/artifacts/07-baseline-overflight-vector.mp4,candidates/themes/02_cloud_motion/theme-clouds-7_n05_of_07_f000258_t0012.9s.png,longer cloud motion series; neighbor 6/7; frame=258
theme-clouds-7-06,theme,dynamic-cloud-generation,Methods,backend/notebooks/s01/artifacts/07-baseline-overflight-vector.mp4,candidates/themes/02_cloud_motion/theme-clouds-7_n06_of_07_f000267_t0013.3s.png,longer cloud motion series; neighbor 7/7; frame=267
theme-clouds-early5-00,theme,dynamic-cloud-generation,Methods,backend/notebooks/s01/artifacts/07-baseline-overflight-vector.mp4,candidates/themes/02_cloud_motion/theme-clouds-early5_n00_of_05_f000113_t0005.7s.png,early-pass cloud motion; neighbor 1/5; frame=113
theme-clouds-early5-01,theme,dynamic-cloud-generation,Methods,backend/notebooks/s01/artifacts/07-baseline-overflight-vector.mp4,candidates/themes/02_cloud_motion/theme-clouds-early5_n01_of_05_f000122_t0006.1s.png,early-pass cloud motion; neighbor 2/5; frame=122
theme-clouds-early5-02,theme,dynamic-cloud-generation,Methods,backend/notebooks/s01/artifacts/07-baseline-overflight-vector.mp4,candidates/themes/02_cloud_motion/theme-clouds-early5_n02_of_05_f000131_t0006.5s.png,early-pass cloud motion; neighbor 3/5; frame=131
theme-clouds-early5-03,theme,dynamic-cloud-generation,Methods,backend/notebooks/s01/artifacts/07-baseline-overflight-vector.mp4,candidates/themes/02_cloud_motion/theme-clouds-early5_n03_of_05_f000140_t0007.0s.png,early-pass cloud motion; neighbor 4/5; frame=140
theme-clouds-early5-04,theme,dynamic-cloud-generation,Methods,backend/notebooks/s01/artifacts/07-baseline-overflight-vector.mp4,candidates/themes/02_cloud_motion/theme-clouds-early5_n04_of_05_f000149_t0007.5s.png,early-pass cloud motion; neighbor 5/5; frame=149
theme-safety-ref0-00,theme,dynamic-safety-maneuver,Methods / Discussion,backend/autonomous_control/runs/9998217183842846_ml_ref_ref0_torque_10-42-36/videos/eval_best.mp4,candidates/themes/03_safety_maneuver/theme-safety-ref0_n00_of_05_f000154_t0007.7s.png,torque-mode eval; scout for safe-mode / aggressive slew cycle; neighbor 1/5; frame=154
theme-safety-ref0-01,theme,dynamic-safety-maneuver,Methods / Discussion,backend/autonomous_control/runs/9998217183842846_ml_ref_ref0_torque_10-42-36/videos/eval_best.mp4,candidates/themes/03_safety_maneuver/theme-safety-ref0_n01_of_05_f000163_t0008.2s.png,torque-mode eval; scout for safe-mode / aggressive slew cycle; neighbor 2/5; frame=163
theme-safety-ref0-02,theme,dynamic-safety-maneuver,Methods / Discussion,backend/autonomous_control/runs/9998217183842846_ml_ref_ref0_torque_10-42-36/videos/eval_best.mp4,candidates/themes/03_safety_maneuver/theme-safety-ref0_n02_of_05_f000172_t0008.6s.png,torque-mode eval; scout for safe-mode / aggressive slew cycle; neighbor 3/5; frame=172
theme-safety-ref0-03,theme,dynamic-safety-maneuver,Methods / Discussion,backend/autonomous_control/runs/9998217183842846_ml_ref_ref0_torque_10-42-36/videos/eval_best.mp4,candidates/themes/03_safety_maneuver/theme-safety-ref0_n03_of_05_f000181_t0009.1s.png,torque-mode eval; scout for safe-mode / aggressive slew cycle; neighbor 4/5; frame=181
theme-safety-ref0-04,theme,dynamic-safety-maneuver,Methods / Discussion,backend/autonomous_control/runs/9998217183842846_ml_ref_ref0_torque_10-42-36/videos/eval_best.mp4,candidates/themes/03_safety_maneuver/theme-safety-ref0_n04_of_05_f000190_t0009.5s.png,torque-mode eval; scout for safe-mode / aggressive slew cycle; neighbor 5/5; frame=190
theme-safety-ref0b-00,theme,dynamic-safety-maneuver,Methods / Discussion,backend/autonomous_control/runs/9998217183842846_ml_ref_ref0_torque_10-42-36/videos/eval_best.mp4,candidates/themes/03_safety_maneuver/theme-safety-ref0b_n00_of_05_f000240_t0012.0s.png,torque-mode eval; scout for safe-mode / aggressive slew cycle; neighbor 1/5; frame=240
theme-safety-ref0b-01,theme,dynamic-safety-maneuver,Methods / Discussion,backend/autonomous_control/runs/9998217183842846_ml_ref_ref0_torque_10-42-36/videos/eval_best.mp4,candidates/themes/03_safety_maneuver/theme-safety-ref0b_n01_of_05_f000249_t0012.4s.png,torque-mode eval; scout for safe-mode / aggressive slew cycle; neighbor 2/5; frame=249
theme-safety-ref0b-02,theme,dynamic-safety-maneuver,Methods / Discussion,backend/autonomous_control/runs/9998217183842846_ml_ref_ref0_torque_10-42-36/videos/eval_best.mp4,candidates/themes/03_safety_maneuver/theme-safety-ref0b_n02_of_05_f000258_t0012.9s.png,torque-mode eval; scout for safe-mode / aggressive slew cycle; neighbor 3/5; frame=258
theme-safety-ref0b-03,theme,dynamic-safety-maneuver,Methods / Discussion,backend/autonomous_control/runs/9998217183842846_ml_ref_ref0_torque_10-42-36/videos/eval_best.mp4,candidates/themes/03_safety_maneuver/theme-safety-ref0b_n03_of_05_f000267_t0013.3s.png,torque-mode eval; scout for safe-mode / aggressive slew cycle; neighbor 4/5; frame=267
theme-safety-ref0b-04,theme,dynamic-safety-maneuver,Methods / Discussion,backend/autonomous_control/runs/9998217183842846_ml_ref_ref0_torque_10-42-36/videos/eval_best.mp4,candidates/themes/03_safety_maneuver/theme-safety-ref0b_n04_of_05_f000276_t0013.8s.png,torque-mode eval; scout for safe-mode / aggressive slew cycle; neighbor 5/5; frame=276
theme-safety-safe-pen-00,theme,dynamic-safety-maneuver,Methods / Discussion,backend/autonomous_control/runs/9998217144237087_ml_mpo_safe_mode_penalty_safe_mode_penalty_on_21-42-42/videos/eval_best.mp4,candidates/themes/03_safety_maneuver/theme-safety-safe-pen_n00_of_05_f000132_t0006.6s.png,torque-mode eval; scout for safe-mode / aggressive slew cycle; neighbor 1/5; frame=132
theme-safety-safe-pen-01,theme,dynamic-safety-maneuver,Methods / Discussion,backend/autonomous_control/runs/9998217144237087_ml_mpo_safe_mode_penalty_safe_mode_penalty_on_21-42-42/videos/eval_best.mp4,candidates/themes/03_safety_maneuver/theme-safety-safe-pen_n01_of_05_f000141_t0007.0s.png,torque-mode eval; scout for safe-mode / aggressive slew cycle; neighbor 2/5; frame=141
theme-safety-safe-pen-02,theme,dynamic-safety-maneuver,Methods / Discussion,backend/autonomous_control/runs/9998217144237087_ml_mpo_safe_mode_penalty_safe_mode_penalty_on_21-42-42/videos/eval_best.mp4,candidates/themes/03_safety_maneuver/theme-safety-safe-pen_n02_of_05_f000150_t0007.5s.png,torque-mode eval; scout for safe-mode / aggressive slew cycle; neighbor 3/5; frame=150
theme-safety-safe-pen-03,theme,dynamic-safety-maneuver,Methods / Discussion,backend/autonomous_control/runs/9998217144237087_ml_mpo_safe_mode_penalty_safe_mode_penalty_on_21-42-42/videos/eval_best.mp4,candidates/themes/03_safety_maneuver/theme-safety-safe-pen_n03_of_05_f000159_t0008.0s.png,torque-mode eval; scout for safe-mode / aggressive slew cycle; neighbor 4/5; frame=159
theme-safety-safe-pen-04,theme,dynamic-safety-maneuver,Methods / Discussion,backend/autonomous_control/runs/9998217144237087_ml_mpo_safe_mode_penalty_safe_mode_penalty_on_21-42-42/videos/eval_best.mp4,candidates/themes/03_safety_maneuver/theme-safety-safe-pen_n04_of_05_f000168_t0008.4s.png,torque-mode eval; scout for safe-mode / aggressive slew cycle; neighbor 5/5; frame=168
theme-safety-safe-penb-00,theme,dynamic-safety-maneuver,Methods / Discussion,backend/autonomous_control/runs/9998217144237087_ml_mpo_safe_mode_penalty_safe_mode_penalty_on_21-42-42/videos/eval_best.mp4,candidates/themes/03_safety_maneuver/theme-safety-safe-penb_n00_of_05_f000219_t0010.9s.png,torque-mode eval; scout for safe-mode / aggressive slew cycle; neighbor 1/5; frame=219
theme-safety-safe-penb-01,theme,dynamic-safety-maneuver,Methods / Discussion,backend/autonomous_control/runs/9998217144237087_ml_mpo_safe_mode_penalty_safe_mode_penalty_on_21-42-42/videos/eval_best.mp4,candidates/themes/03_safety_maneuver/theme-safety-safe-penb_n01_of_05_f000228_t0011.4s.png,torque-mode eval; scout for safe-mode / aggressive slew cycle; neighbor 2/5; frame=228
theme-safety-safe-penb-02,theme,dynamic-safety-maneuver,Methods / Discussion,backend/autonomous_control/runs/9998217144237087_ml_mpo_safe_mode_penalty_safe_mode_penalty_on_21-42-42/videos/eval_best.mp4,candidates/themes/03_safety_maneuver/theme-safety-safe-penb_n02_of_05_f000237_t0011.8s.png,torque-mode eval; scout for safe-mode / aggressive slew cycle; neighbor 3/5; frame=237
theme-safety-safe-penb-03,theme,dynamic-safety-maneuver,Methods / Discussion,backend/autonomous_control/runs/9998217144237087_ml_mpo_safe_mode_penalty_safe_mode_penalty_on_21-42-42/videos/eval_best.mp4,candidates/themes/03_safety_maneuver/theme-safety-safe-penb_n03_of_05_f000246_t0012.3s.png,torque-mode eval; scout for safe-mode / aggressive slew cycle; neighbor 4/5; frame=246
theme-safety-safe-penb-04,theme,dynamic-safety-maneuver,Methods / Discussion,backend/autonomous_control/runs/9998217144237087_ml_mpo_safe_mode_penalty_safe_mode_penalty_on_21-42-42/videos/eval_best.mp4,candidates/themes/03_safety_maneuver/theme-safety-safe-penb_n04_of_05_f000255_t0012.8s.png,torque-mode eval; scout for safe-mode / aggressive slew cycle; neighbor 5/5; frame=255
theme-safety-mpo-torque-00,theme,dynamic-safety-maneuver,Methods / Discussion,backend/autonomous_control/runs/9998217164480175_ml_mpo_decoupled_dual_torque_sparse_16-05-19/videos/eval_best.mp4,candidates/themes/03_safety_maneuver/theme-safety-mpo-torque_n00_of_05_f000176_t0008.8s.png,torque-mode eval; scout for safe-mode / aggressive slew cycle; neighbor 1/5; frame=176
theme-safety-mpo-torque-01,theme,dynamic-safety-maneuver,Methods / Discussion,backend/autonomous_control/runs/9998217164480175_ml_mpo_decoupled_dual_torque_sparse_16-05-19/videos/eval_best.mp4,candidates/themes/03_safety_maneuver/theme-safety-mpo-torque_n01_of_05_f000185_t0009.2s.png,torque-mode eval; scout for safe-mode / aggressive slew cycle; neighbor 2/5; frame=185
theme-safety-mpo-torque-02,theme,dynamic-safety-maneuver,Methods / Discussion,backend/autonomous_control/runs/9998217164480175_ml_mpo_decoupled_dual_torque_sparse_16-05-19/videos/eval_best.mp4,candidates/themes/03_safety_maneuver/theme-safety-mpo-torque_n02_of_05_f000194_t0009.7s.png,torque-mode eval; scout for safe-mode / aggressive slew cycle; neighbor 3/5; frame=194
theme-safety-mpo-torque-03,theme,dynamic-safety-maneuver,Methods / Discussion,backend/autonomous_control/runs/9998217164480175_ml_mpo_decoupled_dual_torque_sparse_16-05-19/videos/eval_best.mp4,candidates/themes/03_safety_maneuver/theme-safety-mpo-torque_n03_of_05_f000203_t0010.2s.png,torque-mode eval; scout for safe-mode / aggressive slew cycle; neighbor 4/5; frame=203
theme-safety-mpo-torque-04,theme,dynamic-safety-maneuver,Methods / Discussion,backend/autonomous_control/runs/9998217164480175_ml_mpo_decoupled_dual_torque_sparse_16-05-19/videos/eval_best.mp4,candidates/themes/03_safety_maneuver/theme-safety-mpo-torque_n04_of_05_f000212_t0010.6s.png,torque-mode eval; scout for safe-mode / aggressive slew cycle; neighbor 5/5; frame=212
theme-shutter-a-00,theme,behaviour-selective-shutter,Results,backend/autonomous_control/runs/9998217165798903_ml_sac_shutter_split_15-43-20/videos/eval_best.mp4,candidates/themes/04_selective_shutter/theme-shutter-a_n00_of_03_f000099_t0005.0s.png,Exp9 SAC shutter-split eval_best; neighbor 1/3; frame=99
theme-shutter-a-01,theme,behaviour-selective-shutter,Results,backend/autonomous_control/runs/9998217165798903_ml_sac_shutter_split_15-43-20/videos/eval_best.mp4,candidates/themes/04_selective_shutter/theme-shutter-a_n01_of_03_f000108_t0005.4s.png,Exp9 SAC shutter-split eval_best; neighbor 2/3; frame=108
theme-shutter-a-02,theme,behaviour-selective-shutter,Results,backend/autonomous_control/runs/9998217165798903_ml_sac_shutter_split_15-43-20/videos/eval_best.mp4,candidates/themes/04_selective_shutter/theme-shutter-a_n02_of_03_f000117_t0005.8s.png,Exp9 SAC shutter-split eval_best; neighbor 3/3; frame=117
theme-shutter-b-00,theme,behaviour-selective-shutter,Results,backend/autonomous_control/runs/9998217165798903_ml_sac_shutter_split_15-43-20/videos/eval_best.mp4,candidates/themes/04_selective_shutter/theme-shutter-b_n00_of_03_f000185_t0009.2s.png,Exp9 SAC shutter-split eval_best; neighbor 1/3; frame=185
theme-shutter-b-01,theme,behaviour-selective-shutter,Results,backend/autonomous_control/runs/9998217165798903_ml_sac_shutter_split_15-43-20/videos/eval_best.mp4,candidates/themes/04_selective_shutter/theme-shutter-b_n01_of_03_f000194_t0009.7s.png,Exp9 SAC shutter-split eval_best; neighbor 2/3; frame=194
theme-shutter-b-02,theme,behaviour-selective-shutter,Results,backend/autonomous_control/runs/9998217165798903_ml_sac_shutter_split_15-43-20/videos/eval_best.mp4,candidates/themes/04_selective_shutter/theme-shutter-b_n02_of_03_f000203_t0010.2s.png,Exp9 SAC shutter-split eval_best; neighbor 3/3; frame=203
theme-shutter-c-00,theme,behaviour-selective-shutter,Results,backend/autonomous_control/runs/9998217165798903_ml_sac_shutter_split_15-43-20/videos/eval_best.mp4,candidates/themes/04_selective_shutter/theme-shutter-c_n00_of_03_f000271_t0013.6s.png,Exp9 SAC shutter-split eval_best; neighbor 1/3; frame=271
theme-shutter-c-01,theme,behaviour-selective-shutter,Results,backend/autonomous_control/runs/9998217165798903_ml_sac_shutter_split_15-43-20/videos/eval_best.mp4,candidates/themes/04_selective_shutter/theme-shutter-c_n01_of_03_f000280_t0014.0s.png,Exp9 SAC shutter-split eval_best; neighbor 2/3; frame=280
theme-shutter-c-02,theme,behaviour-selective-shutter,Results,backend/autonomous_control/runs/9998217165798903_ml_sac_shutter_split_15-43-20/videos/eval_best.mp4,candidates/themes/04_selective_shutter/theme-shutter-c_n02_of_03_f000289_t0014.4s.png,Exp9 SAC shutter-split eval_best; neighbor 3/3; frame=289
theme-shutter-d-00,theme,behaviour-selective-shutter,Results,backend/autonomous_control/runs/9998217165798903_ml_sac_shutter_split_15-43-20/videos/eval_best.mp4,candidates/themes/04_selective_shutter/theme-shutter-d_n00_of_03_f000335_t0016.8s.png,Exp9 SAC shutter-split eval_best; neighbor 1/3; frame=335
theme-shutter-d-01,theme,behaviour-selective-shutter,Results,backend/autonomous_control/runs/9998217165798903_ml_sac_shutter_split_15-43-20/videos/eval_best.mp4,candidates/themes/04_selective_shutter/theme-shutter-d_n01_of_03_f000344_t0017.2s.png,Exp9 SAC shutter-split eval_best; neighbor 2/3; frame=344
theme-shutter-d-02,theme,behaviour-selective-shutter,Results,backend/autonomous_control/runs/9998217165798903_ml_sac_shutter_split_15-43-20/videos/eval_best.mp4,candidates/themes/04_selective_shutter/theme-shutter-d_n02_of_03_f000353_t0017.6s.png,Exp9 SAC shutter-split eval_best; neighbor 3/3; frame=353
