id,kind,theme,learning_label,section_hint,source_repo_path,dest,notes
plot-000,plot,trend-learning-curve,na,Results,backend/autonomous_control/runs/9998217137783822_ml_mpo_learn_cadence_cadence_1_1_50_23-30-16/plots/learning_curves.png,plots/plot_000_trend-learning-curve_3f03a367.png,exists; run=9998217137783822_ml_mpo_learn_cadence_cadence_1_1_50_23-30-16
plot-001,plot,trend-learning-curve,na,Results,backend/autonomous_control/runs/9998217138176094_ml_mpo_learn_cadence_cadence_1_1_10_23-23-43/plots/learning_curves.png,plots/plot_001_trend-learning-curve_7ec1aa99.png,exists; run=9998217138176094_ml_mpo_learn_cadence_cadence_1_1_10_23-23-43
plot-002,plot,trend-learning-curve,na,Results,backend/autonomous_control/runs/9998217138572967_ml_mpo_learn_cadence_baseline_1_1_1_23-17-06/plots/learning_curves.png,plots/plot_002_trend-learning-curve_59e0c659.png,exists; run=9998217138572967_ml_mpo_learn_cadence_baseline_1_1_1_23-17-06
plot-003,plot,trend-learning-curve,na,Results,backend/autonomous_control/runs/9998217140497791_ml_mpo_vector_torque_effort_vector_torque_effort_22-45-01/plots/learning_curves.png,plots/plot_003_trend-learning-curve_660bb4c2.png,exists; run=9998217140497791_ml_mpo_vector_torque_effort_vector_torque_effort_22-45-01
plot-004,plot,trend-learning-curve,learning,Results,backend/autonomous_control/runs/9998217142297111_ml_mpo_decoupled_dual_vector_sparse_22-15-02/plots/learning_curves.png,plots/plot_004_trend-learning-curve_2d4bc258.png,exists; run=9998217142297111_ml_mpo_decoupled_dual_vector_sparse_22-15-02
plot-005,plot,trend-learning-curve,not_learning,Results,backend/autonomous_control/runs/9998217144237087_ml_mpo_safe_mode_penalty_safe_mode_penalty_on_21-42-42/plots/learning_curves.png,plots/plot_005_trend-learning-curve_fe6ea712.png,exists; run=9998217144237087_ml_mpo_safe_mode_penalty_safe_mode_penalty_on_21-42-42
plot-006,plot,trend-learning-curve,na,Results,backend/autonomous_control/runs/9998217164480175_ml_mpo_decoupled_dual_torque_sparse_16-05-19/plots/learning_curves.png,plots/plot_006_trend-learning-curve_59b0f31c.png,exists; run=9998217164480175_ml_mpo_decoupled_dual_torque_sparse_16-05-19
plot-007,plot,trend-learning-curve,learning,Results,backend/autonomous_control/runs/9998217165798903_ml_sac_shutter_split_15-43-20/plots/learning_curves.png,plots/plot_007_trend-learning-curve_aed2ad41.png,exists; run=9998217165798903_ml_sac_shutter_split_15-43-20
plot-008,plot,trend-learning-curve,learning,Results,backend/autonomous_control/runs/9998217172220712_ml_sac_vector_budget_13-56-17/plots/learning_curves.png,plots/plot_008_trend-learning-curve_4f2bfa81.png,exists; run=9998217172220712_ml_sac_vector_budget_13-56-17
plot-009,plot,trend-learning-curve,na,Results,backend/autonomous_control/runs/9998217182442815_ml_ref_ref1_vector_11-05-57/plots/learning_curves.png,plots/plot_009_trend-learning-curve_018977d9.png,exists; run=9998217182442815_ml_ref_ref1_vector_11-05-57
plot-010,plot,trend-learning-curve,na,Results,backend/autonomous_control/runs/9998217183842846_ml_ref_ref0_torque_10-42-36/plots/learning_curves.png,plots/plot_010_trend-learning-curve_bba49c7b.png,exists; run=9998217183842846_ml_ref_ref0_torque_10-42-36
plot-011,plot,trend-learning-curve,na,Results,backend/autonomous_control/runs/9998217183948906_ml_ref_ref1_vector_10-40-50/plots/learning_curves.png,plots/plot_011_trend-learning-curve_a1655563.png,exists; run=9998217183948906_ml_ref_ref1_vector_10-40-50
plot-012,plot,trend-learning-curve,na,Results,backend/autonomous_control/runs/9998217211235184_ml_encoder_r2_sac_a1_03-06-04/plots/learning_curves.png,plots/plot_012_trend-learning-curve_15c0b30b.png,exists; run=9998217211235184_ml_encoder_r2_sac_a1_03-06-04
plot-013,plot,trend-learning-curve,na,Results,backend/autonomous_control/runs/9998217212521862_ml_encoder_r2_sac_a0_02-44-37/plots/learning_curves.png,plots/plot_013_trend-learning-curve_4d27ae27.png,exists; run=9998217212521862_ml_encoder_r2_sac_a0_02-44-37
plot-014,plot,trend-learning-curve,not_learning,Results,backend/autonomous_control/runs/9998217214701278_ml_mpo_model_size_mpo_l_02-08-18/plots/learning_curves.png,plots/plot_014_trend-learning-curve_f503038e.png,exists; run=9998217214701278_ml_mpo_model_size_mpo_l_02-08-18
plot-015,plot,trend-learning-curve,not_learning,Results,backend/autonomous_control/runs/9998217216712049_ml_mpo_model_size_mpo_m_01-34-47/plots/learning_curves.png,plots/plot_015_trend-learning-curve_a6f18131.png,exists; run=9998217216712049_ml_mpo_model_size_mpo_m_01-34-47
plot-016,plot,trend-learning-curve,not_learning,Results,backend/autonomous_control/runs/9998217218692971_ml_mpo_model_size_mpo_s_01-01-46/plots/learning_curves.png,plots/plot_016_trend-learning-curve_2f6e2aad.png,exists; run=9998217218692971_ml_mpo_model_size_mpo_s_01-01-46
plot-017,plot,trend-learning-curve,na,Results,backend/autonomous_control/runs/9998217220057912_ml_ref_ref1_vector_00-39-02/plots/learning_curves.png,plots/plot_017_trend-learning-curve_955df98b.png,exists; run=9998217220057912_ml_ref_ref1_vector_00-39-02
plot-018,plot,trend-learning-curve,na,Results,backend/autonomous_control/runs/9998217221440424_ml_ref_ref0_torque_00-15-58/plots/learning_curves.png,plots/plot_018_trend-learning-curve_2b55f7e2.png,exists; run=9998217221440424_ml_ref_ref0_torque_00-15-58
plot-019,plot,trend-learning-curve,na,Results,backend/autonomous_control/runs/9998217221580990_ml_ref_ref1_vector_00-13-38/plots/learning_curves.png,plots/plot_019_trend-learning-curve_960f62ea.png,exists; run=9998217221580990_ml_ref_ref1_vector_00-13-38
plot-020,plot,trend-learning-curve,na,Results,backend/autonomous_control/runs/9998217223719044_ml_ref_ref0_torque_23-38-00/plots/learning_curves.png,plots/plot_020_trend-learning-curve_8154b58d.png,exists; run=9998217223719044_ml_ref_ref0_torque_23-38-00
plot-021,plot,trend-learning-curve,na,Results,backend/autonomous_control/runs/9998217224670341_ml_compare_compare_mpo_23-22-09/plots/learning_curves.png,plots/plot_021_trend-learning-curve_8b317cb5.png,exists; run=9998217224670341_ml_compare_compare_mpo_23-22-09
plot-022,plot,trend-learning-curve,na,Results,backend/autonomous_control/runs/9998217225628033_ml_compare_compare_sac_23-06-11/plots/learning_curves.png,plots/plot_022_trend-learning-curve_b04f4e27.png,exists; run=9998217225628033_ml_compare_compare_sac_23-06-11
plot-023,plot,trend-learning-curve,na,Results,backend/autonomous_control/runs/9998217227276511_ml_sac_hparam_sac_l_dense_22-38-43/plots/learning_curves.png,plots/plot_023_trend-learning-curve_2e6632f6.png,exists; run=9998217227276511_ml_sac_hparam_sac_l_dense_22-38-43
plot-024,plot,trend-learning-curve,na,Results,backend/autonomous_control/runs/9998217228551604_ml_sac_hparam_sac_l_sparse_22-17-28/plots/learning_curves.png,plots/plot_024_trend-learning-curve_4e455554.png,exists; run=9998217228551604_ml_sac_hparam_sac_l_sparse_22-17-28
plot-025,plot,trend-learning-curve,na,Results,backend/autonomous_control/runs/9998217229553392_ml_sac_hparam_sac_m_dense_22-00-46/plots/learning_curves.png,plots/plot_025_trend-learning-curve_b628c871.png,exists; run=9998217229553392_ml_sac_hparam_sac_m_dense_22-00-46
plot-026,plot,trend-learning-curve,na,Results,backend/autonomous_control/runs/9998217230681332_ml_sac_hparam_sac_m_sparse_21-41-58/plots/learning_curves.png,plots/plot_026_trend-learning-curve_831d7510.png,exists; run=9998217230681332_ml_sac_hparam_sac_m_sparse_21-41-58
plot-027,plot,trend-learning-curve,na,Results,backend/autonomous_control/runs/9998217232015016_ml_sac_hparam_sac_s_dense_21-19-44/plots/learning_curves.png,plots/plot_027_trend-learning-curve_2a722866.png,exists; run=9998217232015016_ml_sac_hparam_sac_s_dense_21-19-44
plot-028,plot,trend-learning-curve,na,Results,backend/autonomous_control/runs/9998217233352053_ml_sac_hparam_sac_s_sparse_20-57-27/plots/learning_curves.png,plots/plot_028_trend-learning-curve_1438bdd3.png,exists; run=9998217233352053_ml_sac_hparam_sac_s_sparse_20-57-27
plot-029,plot,trend-learning-curve,na,Results,backend/autonomous_control/runs/9998217234669516_ml_encoder_sac_a0_20-35-29/plots/learning_curves.png,plots/plot_029_trend-learning-curve_99121fd2.png,exists; run=9998217234669516_ml_encoder_sac_a0_20-35-29
plot-030,plot,trend-learning-curve,na,Results,backend/autonomous_control/runs/9998217248114377_ml_encoder_sac_a1_16-51-25/plots/learning_curves.png,plots/plot_030_trend-learning-curve_4c38b075.png,exists; run=9998217248114377_ml_encoder_sac_a1_16-51-25
plot-031,plot,trend-learning-curve,na,Results,backend/autonomous_control/runs/9998217249101092_ml_encoder_sac_a0_16-34-58/plots/learning_curves.png,plots/plot_031_trend-learning-curve_ba9d515c.png,exists; run=9998217249101092_ml_encoder_sac_a0_16-34-58
plot-032,plot,trend-learning-curve,not_learning,Results,backend/autonomous_control/runs/9998217254656575_ml_shutter_mpo_t09_15-02-22/plots/learning_curves.png,plots/plot_032_trend-learning-curve_d7fd204e.png,exists; run=9998217254656575_ml_shutter_mpo_t09_15-02-22
plot-033,plot,trend-learning-curve,na,Results,backend/autonomous_control/runs/ml_learning_signal_baseline_17-19-54/plots/learning_curves.png,plots/plot_033_trend-learning-curve_e8caf0a1.png,exists; run=ml_learning_signal_baseline_17-19-54
plot-034,plot,trend-learning-curve,na,Results,backend/autonomous_control/runs/ml_ls_c1_no_dropout_high_pi_lr_17-46-27/plots/learning_curves.png,plots/plot_034_trend-learning-curve_32035c48.png,exists; run=ml_ls_c1_no_dropout_high_pi_lr_17-46-27
plot-035,plot,trend-learning-curve,na,Results,backend/autonomous_control/runs/ml_overnight_h1a_mpo_sparse_22-18-35/plots/learning_curves.png,plots/plot_035_trend-learning-curve_22083cb0.png,exists; run=ml_overnight_h1a_mpo_sparse_22-18-35
plot-036,plot,trend-learning-curve,na,Results,backend/autonomous_control/runs/ml_overnight_h1a_mpo_sparse_23-20-15/plots/learning_curves.png,plots/plot_036_trend-learning-curve_4ebe1548.png,exists; run=ml_overnight_h1a_mpo_sparse_23-20-15
plot-037,plot,trend-learning-curve,na,Results,backend/autonomous_control/runs/ml_overnight_h1b_mpo_stable_eta_23-42-59/plots/learning_curves.png,plots/plot_037_trend-learning-curve_75135111.png,exists; run=ml_overnight_h1b_mpo_stable_eta_23-42-59
plot-038,plot,trend-learning-curve,na,Results,backend/autonomous_control/runs/ml_overnight_h4_sac_00-28-52/plots/learning_curves.png,plots/plot_038_trend-learning-curve_91a44043.png,exists; run=ml_overnight_h4_sac_00-28-52
plot-039,plot,trend-learning-curve,na,Results,backend/autonomous_control/runs/ml_overnight_h6_mpo_dense_latent_00-05-01/plots/learning_curves.png,plots/plot_039_trend-learning-curve_a12876eb.png,exists; run=ml_overnight_h6_mpo_dense_latent_00-05-01
plot-040,plot,trend-learning-curve,na,Results,backend/autonomous_control/runs/ml_overnight_h6_mpo_dense_latent_22-46-28/plots/learning_curves.png,plots/plot_040_trend-learning-curve_44648368.png,exists; run=ml_overnight_h6_mpo_dense_latent_22-46-28
plot-041,plot,trend-learning-curve,not_learning,Results,backend/autonomous_control/runs/ml_shutter_mpo_t05_14-04-49/plots/learning_curves.png,plots/plot_041_trend-learning-curve_8d787b52.png,exists; run=ml_shutter_mpo_t05_14-04-49
plot-042,plot,trend-learning-curve,na,Results,backend/autonomous_control/runs/nb-s01-08-2026-06-24_18-36-58/plots/learning_curves.png,plots/plot_042_trend-learning-curve_20854678.png,exists; run=nb-s01-08-2026-06-24_18-36-58
plot-043,plot,trend-learning-curve,na,Results,backend/autonomous_control/runs/nb-s01-08-2026-06-24_21-32-21/plots/learning_curves.png,plots/plot_043_trend-learning-curve_bdd15da4.png,exists; run=nb-s01-08-2026-06-24_21-32-21
plot-044,plot,trend-learning-curve,na,Results,backend/autonomous_control/runs/nb-s01-08-2026-06-24_22-48-52/plots/learning_curves.png,plots/plot_044_trend-learning-curve_f56e2820.png,exists; run=nb-s01-08-2026-06-24_22-48-52
plot-045,plot,trend-learning-curve,na,Results,backend/autonomous_control/runs/nb-s01-08-2026-06-25_07-31-43/plots/learning_curves.png,plots/plot_045_trend-learning-curve_82b7c894.png,exists; run=nb-s01-08-2026-06-25_07-31-43
plot-046,plot,trend-learning-curve,na,Results,backend/autonomous_control/runs/nb-s01-08-2026-06-26_08-15-09/plots/learning_curves.png,plots/plot_046_trend-learning-curve_154b3321.png,exists; run=nb-s01-08-2026-06-26_08-15-09
plot-047,plot,trend-learning-curve,na,Results,backend/autonomous_control/runs/nb-s01-08-2026-06-27_08-10-34/plots/learning_curves.png,plots/plot_047_trend-learning-curve_5a02d18e.png,exists; run=nb-s01-08-2026-06-27_08-10-34
plot-048,plot,trend-learning-curve,na,Results,backend/autonomous_control/runs/nb-s01-08-2026-06-27_12-19-52/plots/learning_curves.png,plots/plot_048_trend-learning-curve_4f22b359.png,exists; run=nb-s01-08-2026-06-27_12-19-52
plot-049,plot,trend-learning-curve,na,Results,backend/autonomous_control/runs/nb-s01-08-2026-06-27_13-50-06/plots/learning_curves.png,plots/plot_049_trend-learning-curve_a0753a9e.png,exists; run=nb-s01-08-2026-06-27_13-50-06
plot-050,plot,trend-learning-curve,na,Results,backend/autonomous_control/runs/nb-s01-08-2026-06-28_13-42-21/plots/learning_curves.png,plots/plot_050_trend-learning-curve_19fdb1c9.png,exists; run=nb-s01-08-2026-06-28_13-42-21
plot-051,plot,trend-returns,na,Results,backend/autonomous_control/runs/9998217137783822_ml_mpo_learn_cadence_cadence_1_1_50_23-30-16/plots/returns_by_episode.png,plots/plot_051_trend-returns_44d71e99.png,exists; run=9998217137783822_ml_mpo_learn_cadence_cadence_1_1_50_23-30-16
plot-052,plot,trend-returns,na,Results,backend/autonomous_control/runs/9998217138176094_ml_mpo_learn_cadence_cadence_1_1_10_23-23-43/plots/returns_by_episode.png,plots/plot_052_trend-returns_86af4332.png,exists; run=9998217138176094_ml_mpo_learn_cadence_cadence_1_1_10_23-23-43
plot-053,plot,trend-returns,na,Results,backend/autonomous_control/runs/9998217138572967_ml_mpo_learn_cadence_baseline_1_1_1_23-17-06/plots/returns_by_episode.png,plots/plot_053_trend-returns_38a96ca9.png,exists; run=9998217138572967_ml_mpo_learn_cadence_baseline_1_1_1_23-17-06
plot-054,plot,trend-returns,na,Results,backend/autonomous_control/runs/9998217140497791_ml_mpo_vector_torque_effort_vector_torque_effort_22-45-01/plots/returns_by_episode.png,plots/plot_054_trend-returns_62a0c944.png,exists; run=9998217140497791_ml_mpo_vector_torque_effort_vector_torque_effort_22-45-01
plot-055,plot,trend-returns,learning,Results,backend/autonomous_control/runs/9998217142297111_ml_mpo_decoupled_dual_vector_sparse_22-15-02/plots/returns_by_episode.png,plots/plot_055_trend-returns_925a1c0d.png,exists; run=9998217142297111_ml_mpo_decoupled_dual_vector_sparse_22-15-02
plot-056,plot,trend-returns,not_learning,Results,backend/autonomous_control/runs/9998217144237087_ml_mpo_safe_mode_penalty_safe_mode_penalty_on_21-42-42/plots/returns_by_episode.png,plots/plot_056_trend-returns_f961baea.png,exists; run=9998217144237087_ml_mpo_safe_mode_penalty_safe_mode_penalty_on_21-42-42
plot-057,plot,trend-returns,na,Results,backend/autonomous_control/runs/9998217164480175_ml_mpo_decoupled_dual_torque_sparse_16-05-19/plots/returns_by_episode.png,plots/plot_057_trend-returns_5c029164.png,exists; run=9998217164480175_ml_mpo_decoupled_dual_torque_sparse_16-05-19
plot-058,plot,trend-returns,learning,Results,backend/autonomous_control/runs/9998217165798903_ml_sac_shutter_split_15-43-20/plots/returns_by_episode.png,plots/plot_058_trend-returns_59125ada.png,exists; run=9998217165798903_ml_sac_shutter_split_15-43-20
plot-059,plot,trend-returns,learning,Results,backend/autonomous_control/runs/9998217172220712_ml_sac_vector_budget_13-56-17/plots/returns_by_episode.png,plots/plot_059_trend-returns_9116c52d.png,exists; run=9998217172220712_ml_sac_vector_budget_13-56-17
plot-060,plot,trend-returns,na,Results,backend/autonomous_control/runs/9998217182442815_ml_ref_ref1_vector_11-05-57/plots/returns_by_episode.png,plots/plot_060_trend-returns_5be1aed9.png,exists; run=9998217182442815_ml_ref_ref1_vector_11-05-57
plot-061,plot,trend-returns,na,Results,backend/autonomous_control/runs/9998217183842846_ml_ref_ref0_torque_10-42-36/plots/returns_by_episode.png,plots/plot_061_trend-returns_f6e34324.png,exists; run=9998217183842846_ml_ref_ref0_torque_10-42-36
plot-062,plot,trend-returns,na,Results,backend/autonomous_control/runs/9998217183948906_ml_ref_ref1_vector_10-40-50/plots/returns_by_episode.png,plots/plot_062_trend-returns_5f03614f.png,exists; run=9998217183948906_ml_ref_ref1_vector_10-40-50
plot-063,plot,trend-returns,na,Results,backend/autonomous_control/runs/9998217211235184_ml_encoder_r2_sac_a1_03-06-04/plots/returns_by_episode.png,plots/plot_063_trend-returns_1ab4d278.png,exists; run=9998217211235184_ml_encoder_r2_sac_a1_03-06-04
plot-064,plot,trend-returns,na,Results,backend/autonomous_control/runs/9998217212521862_ml_encoder_r2_sac_a0_02-44-37/plots/returns_by_episode.png,plots/plot_064_trend-returns_9cc8a61f.png,exists; run=9998217212521862_ml_encoder_r2_sac_a0_02-44-37
plot-065,plot,trend-returns,not_learning,Results,backend/autonomous_control/runs/9998217214701278_ml_mpo_model_size_mpo_l_02-08-18/plots/returns_by_episode.png,plots/plot_065_trend-returns_7388d574.png,exists; run=9998217214701278_ml_mpo_model_size_mpo_l_02-08-18
plot-066,plot,trend-returns,not_learning,Results,backend/autonomous_control/runs/9998217216712049_ml_mpo_model_size_mpo_m_01-34-47/plots/returns_by_episode.png,plots/plot_066_trend-returns_2336ac0d.png,exists; run=9998217216712049_ml_mpo_model_size_mpo_m_01-34-47
plot-067,plot,trend-returns,not_learning,Results,backend/autonomous_control/runs/9998217218692971_ml_mpo_model_size_mpo_s_01-01-46/plots/returns_by_episode.png,plots/plot_067_trend-returns_297009a0.png,exists; run=9998217218692971_ml_mpo_model_size_mpo_s_01-01-46
plot-068,plot,trend-returns,na,Results,backend/autonomous_control/runs/9998217220057912_ml_ref_ref1_vector_00-39-02/plots/returns_by_episode.png,plots/plot_068_trend-returns_248a2478.png,exists; run=9998217220057912_ml_ref_ref1_vector_00-39-02
plot-069,plot,trend-returns,na,Results,backend/autonomous_control/runs/9998217221440424_ml_ref_ref0_torque_00-15-58/plots/returns_by_episode.png,plots/plot_069_trend-returns_81afb5e3.png,exists; run=9998217221440424_ml_ref_ref0_torque_00-15-58
plot-070,plot,trend-returns,na,Results,backend/autonomous_control/runs/9998217221580990_ml_ref_ref1_vector_00-13-38/plots/returns_by_episode.png,plots/plot_070_trend-returns_1ea2ca20.png,exists; run=9998217221580990_ml_ref_ref1_vector_00-13-38
plot-071,plot,trend-returns,na,Results,backend/autonomous_control/runs/9998217223719044_ml_ref_ref0_torque_23-38-00/plots/returns_by_episode.png,plots/plot_071_trend-returns_f2955bb3.png,exists; run=9998217223719044_ml_ref_ref0_torque_23-38-00
plot-072,plot,trend-returns,na,Results,backend/autonomous_control/runs/9998217224670341_ml_compare_compare_mpo_23-22-09/plots/returns_by_episode.png,plots/plot_072_trend-returns_843e679f.png,exists; run=9998217224670341_ml_compare_compare_mpo_23-22-09
plot-073,plot,trend-returns,na,Results,backend/autonomous_control/runs/9998217225628033_ml_compare_compare_sac_23-06-11/plots/returns_by_episode.png,plots/plot_073_trend-returns_277127c9.png,exists; run=9998217225628033_ml_compare_compare_sac_23-06-11
plot-074,plot,trend-returns,na,Results,backend/autonomous_control/runs/9998217227276511_ml_sac_hparam_sac_l_dense_22-38-43/plots/returns_by_episode.png,plots/plot_074_trend-returns_076415a5.png,exists; run=9998217227276511_ml_sac_hparam_sac_l_dense_22-38-43
plot-075,plot,trend-returns,na,Results,backend/autonomous_control/runs/9998217228551604_ml_sac_hparam_sac_l_sparse_22-17-28/plots/returns_by_episode.png,plots/plot_075_trend-returns_5101aa16.png,exists; run=9998217228551604_ml_sac_hparam_sac_l_sparse_22-17-28
plot-076,plot,trend-returns,na,Results,backend/autonomous_control/runs/9998217229553392_ml_sac_hparam_sac_m_dense_22-00-46/plots/returns_by_episode.png,plots/plot_076_trend-returns_0b252896.png,exists; run=9998217229553392_ml_sac_hparam_sac_m_dense_22-00-46
plot-077,plot,trend-returns,na,Results,backend/autonomous_control/runs/9998217230681332_ml_sac_hparam_sac_m_sparse_21-41-58/plots/returns_by_episode.png,plots/plot_077_trend-returns_da9ab09f.png,exists; run=9998217230681332_ml_sac_hparam_sac_m_sparse_21-41-58
plot-078,plot,trend-returns,na,Results,backend/autonomous_control/runs/9998217232015016_ml_sac_hparam_sac_s_dense_21-19-44/plots/returns_by_episode.png,plots/plot_078_trend-returns_c91491e9.png,exists; run=9998217232015016_ml_sac_hparam_sac_s_dense_21-19-44
plot-079,plot,trend-returns,na,Results,backend/autonomous_control/runs/9998217233352053_ml_sac_hparam_sac_s_sparse_20-57-27/plots/returns_by_episode.png,plots/plot_079_trend-returns_0b215962.png,exists; run=9998217233352053_ml_sac_hparam_sac_s_sparse_20-57-27
plot-080,plot,trend-returns,na,Results,backend/autonomous_control/runs/9998217234669516_ml_encoder_sac_a0_20-35-29/plots/returns_by_episode.png,plots/plot_080_trend-returns_7054f2d1.png,exists; run=9998217234669516_ml_encoder_sac_a0_20-35-29
plot-081,plot,trend-returns,na,Results,backend/autonomous_control/runs/9998217248114377_ml_encoder_sac_a1_16-51-25/plots/returns_by_episode.png,plots/plot_081_trend-returns_0e676f20.png,exists; run=9998217248114377_ml_encoder_sac_a1_16-51-25
plot-082,plot,trend-returns,na,Results,backend/autonomous_control/runs/9998217249101092_ml_encoder_sac_a0_16-34-58/plots/returns_by_episode.png,plots/plot_082_trend-returns_ed0324ae.png,exists; run=9998217249101092_ml_encoder_sac_a0_16-34-58
plot-083,plot,trend-returns,not_learning,Results,backend/autonomous_control/runs/9998217254656575_ml_shutter_mpo_t09_15-02-22/plots/returns_by_episode.png,plots/plot_083_trend-returns_95565c5f.png,exists; run=9998217254656575_ml_shutter_mpo_t09_15-02-22
plot-084,plot,trend-returns,na,Results,backend/autonomous_control/runs/ml_learning_signal_baseline_17-19-54/plots/returns_by_episode.png,plots/plot_084_trend-returns_c53c1401.png,exists; run=ml_learning_signal_baseline_17-19-54
plot-085,plot,trend-returns,na,Results,backend/autonomous_control/runs/ml_ls_c1_no_dropout_high_pi_lr_17-46-27/plots/returns_by_episode.png,plots/plot_085_trend-returns_2bfdc298.png,exists; run=ml_ls_c1_no_dropout_high_pi_lr_17-46-27
plot-086,plot,trend-returns,na,Results,backend/autonomous_control/runs/ml_overnight_h1a_mpo_sparse_22-18-35/plots/returns_by_episode.png,plots/plot_086_trend-returns_ebf28886.png,exists; run=ml_overnight_h1a_mpo_sparse_22-18-35
plot-087,plot,trend-returns,na,Results,backend/autonomous_control/runs/ml_overnight_h1a_mpo_sparse_23-20-15/plots/returns_by_episode.png,plots/plot_087_trend-returns_12cefa34.png,exists; run=ml_overnight_h1a_mpo_sparse_23-20-15
plot-088,plot,trend-returns,na,Results,backend/autonomous_control/runs/ml_overnight_h1b_mpo_stable_eta_23-42-59/plots/returns_by_episode.png,plots/plot_088_trend-returns_ce4df126.png,exists; run=ml_overnight_h1b_mpo_stable_eta_23-42-59
plot-089,plot,trend-returns,na,Results,backend/autonomous_control/runs/ml_overnight_h4_sac_00-28-52/plots/returns_by_episode.png,plots/plot_089_trend-returns_46fcfe59.png,exists; run=ml_overnight_h4_sac_00-28-52
plot-090,plot,trend-returns,na,Results,backend/autonomous_control/runs/ml_overnight_h6_mpo_dense_latent_00-05-01/plots/returns_by_episode.png,plots/plot_090_trend-returns_3b38a026.png,exists; run=ml_overnight_h6_mpo_dense_latent_00-05-01
plot-091,plot,trend-returns,na,Results,backend/autonomous_control/runs/ml_overnight_h6_mpo_dense_latent_22-46-28/plots/returns_by_episode.png,plots/plot_091_trend-returns_8056e58f.png,exists; run=ml_overnight_h6_mpo_dense_latent_22-46-28
plot-092,plot,trend-returns,not_learning,Results,backend/autonomous_control/runs/ml_shutter_mpo_t05_14-04-49/plots/returns_by_episode.png,plots/plot_092_trend-returns_8ca1b002.png,exists; run=ml_shutter_mpo_t05_14-04-49
plot-093,plot,trend-returns,na,Results,backend/autonomous_control/runs/nb-s01-08-2026-06-24_18-36-58/plots/returns_by_episode.png,plots/plot_093_trend-returns_97feda4e.png,exists; run=nb-s01-08-2026-06-24_18-36-58
plot-094,plot,trend-returns,na,Results,backend/autonomous_control/runs/nb-s01-08-2026-06-24_21-32-21/plots/returns_by_episode.png,plots/plot_094_trend-returns_5df53f36.png,exists; run=nb-s01-08-2026-06-24_21-32-21
plot-095,plot,trend-returns,na,Results,backend/autonomous_control/runs/nb-s01-08-2026-06-24_22-48-52/plots/returns_by_episode.png,plots/plot_095_trend-returns_d6b2f90a.png,exists; run=nb-s01-08-2026-06-24_22-48-52
plot-096,plot,trend-returns,na,Results,backend/autonomous_control/runs/nb-s01-08-2026-06-25_07-31-43/plots/returns_by_episode.png,plots/plot_096_trend-returns_3e638823.png,exists; run=nb-s01-08-2026-06-25_07-31-43
plot-097,plot,trend-returns,na,Results,backend/autonomous_control/runs/nb-s01-08-2026-06-26_08-15-09/plots/returns_by_episode.png,plots/plot_097_trend-returns_0653983f.png,exists; run=nb-s01-08-2026-06-26_08-15-09
plot-098,plot,trend-returns,na,Results,backend/autonomous_control/runs/nb-s01-08-2026-06-27_08-10-34/plots/returns_by_episode.png,plots/plot_098_trend-returns_347c20f0.png,exists; run=nb-s01-08-2026-06-27_08-10-34
plot-099,plot,trend-returns,na,Results,backend/autonomous_control/runs/nb-s01-08-2026-06-27_12-19-52/plots/returns_by_episode.png,plots/plot_099_trend-returns_f2df9753.png,exists; run=nb-s01-08-2026-06-27_12-19-52
plot-100,plot,trend-returns,na,Results,backend/autonomous_control/runs/nb-s01-08-2026-06-27_13-50-06/plots/returns_by_episode.png,plots/plot_100_trend-returns_68b1ccdf.png,exists; run=nb-s01-08-2026-06-27_13-50-06
plot-101,plot,trend-returns,na,Results,backend/autonomous_control/runs/nb-s01-08-2026-06-28_13-42-21/plots/returns_by_episode.png,plots/plot_101_trend-returns_2999af93.png,exists; run=nb-s01-08-2026-06-28_13-42-21
plot-102,plot,episode-diagnostics-eval,na,Results,backend/autonomous_control/runs/9998217137783822_ml_mpo_learn_cadence_cadence_1_1_50_23-30-16/plots/eval_episode_diagnostics.png,plots/plot_102_episode-diagnostics-eval_a570f9cd.png,exists; run=9998217137783822_ml_mpo_learn_cadence_cadence_1_1_50_23-30-16
plot-103,plot,episode-diagnostics-eval,na,Results,backend/autonomous_control/runs/9998217138176094_ml_mpo_learn_cadence_cadence_1_1_10_23-23-43/plots/eval_episode_diagnostics.png,plots/plot_103_episode-diagnostics-eval_b1ba975e.png,exists; run=9998217138176094_ml_mpo_learn_cadence_cadence_1_1_10_23-23-43
plot-104,plot,episode-diagnostics-eval,na,Results,backend/autonomous_control/runs/9998217138572967_ml_mpo_learn_cadence_baseline_1_1_1_23-17-06/plots/eval_episode_diagnostics.png,plots/plot_104_episode-diagnostics-eval_52608772.png,exists; run=9998217138572967_ml_mpo_learn_cadence_baseline_1_1_1_23-17-06
plot-105,plot,episode-diagnostics-eval,na,Results,backend/autonomous_control/runs/9998217140497791_ml_mpo_vector_torque_effort_vector_torque_effort_22-45-01/plots/eval_episode_diagnostics.png,plots/plot_105_episode-diagnostics-eval_7db59a5e.png,exists; run=9998217140497791_ml_mpo_vector_torque_effort_vector_torque_effort_22-45-01
plot-106,plot,episode-diagnostics-eval,learning,Results,backend/autonomous_control/runs/9998217142297111_ml_mpo_decoupled_dual_vector_sparse_22-15-02/plots/eval_episode_diagnostics.png,plots/plot_106_episode-diagnostics-eval_965bfa29.png,exists; run=9998217142297111_ml_mpo_decoupled_dual_vector_sparse_22-15-02
plot-107,plot,episode-diagnostics-eval,not_learning,Results,backend/autonomous_control/runs/9998217144237087_ml_mpo_safe_mode_penalty_safe_mode_penalty_on_21-42-42/plots/eval_episode_diagnostics.png,plots/plot_107_episode-diagnostics-eval_b9780f3c.png,exists; run=9998217144237087_ml_mpo_safe_mode_penalty_safe_mode_penalty_on_21-42-42
plot-108,plot,episode-diagnostics-eval,na,Results,backend/autonomous_control/runs/9998217164480175_ml_mpo_decoupled_dual_torque_sparse_16-05-19/plots/eval_episode_diagnostics.png,plots/plot_108_episode-diagnostics-eval_24199622.png,exists; run=9998217164480175_ml_mpo_decoupled_dual_torque_sparse_16-05-19
plot-109,plot,episode-diagnostics-eval,learning,Results,backend/autonomous_control/runs/9998217165798903_ml_sac_shutter_split_15-43-20/plots/eval_episode_diagnostics.png,plots/plot_109_episode-diagnostics-eval_164210af.png,exists; run=9998217165798903_ml_sac_shutter_split_15-43-20
plot-110,plot,episode-diagnostics-eval,learning,Results,backend/autonomous_control/runs/9998217172220712_ml_sac_vector_budget_13-56-17/plots/eval_episode_diagnostics.png,plots/plot_110_episode-diagnostics-eval_c5c6d2a2.png,exists; run=9998217172220712_ml_sac_vector_budget_13-56-17
plot-111,plot,episode-diagnostics-eval,na,Results,backend/autonomous_control/runs/9998217182442815_ml_ref_ref1_vector_11-05-57/plots/eval_episode_diagnostics.png,plots/plot_111_episode-diagnostics-eval_1731dcb8.png,exists; run=9998217182442815_ml_ref_ref1_vector_11-05-57
plot-112,plot,episode-diagnostics-eval,na,Results,backend/autonomous_control/runs/9998217183842846_ml_ref_ref0_torque_10-42-36/plots/eval_episode_diagnostics.png,plots/plot_112_episode-diagnostics-eval_7cba052d.png,exists; run=9998217183842846_ml_ref_ref0_torque_10-42-36
plot-113,plot,episode-diagnostics-eval,na,Results,backend/autonomous_control/runs/9998217183948906_ml_ref_ref1_vector_10-40-50/plots/eval_episode_diagnostics.png,plots/plot_113_episode-diagnostics-eval_0ffeadb9.png,exists; run=9998217183948906_ml_ref_ref1_vector_10-40-50
plot-114,plot,episode-diagnostics-eval,na,Results,backend/autonomous_control/runs/9998217211235184_ml_encoder_r2_sac_a1_03-06-04/plots/eval_episode_diagnostics.png,plots/plot_114_episode-diagnostics-eval_7f563ada.png,exists; run=9998217211235184_ml_encoder_r2_sac_a1_03-06-04
plot-115,plot,episode-diagnostics-eval,na,Results,backend/autonomous_control/runs/9998217212521862_ml_encoder_r2_sac_a0_02-44-37/plots/eval_episode_diagnostics.png,plots/plot_115_episode-diagnostics-eval_b5fb9be5.png,exists; run=9998217212521862_ml_encoder_r2_sac_a0_02-44-37
plot-116,plot,episode-diagnostics-eval,not_learning,Results,backend/autonomous_control/runs/9998217214701278_ml_mpo_model_size_mpo_l_02-08-18/plots/eval_episode_diagnostics.png,plots/plot_116_episode-diagnostics-eval_d3a2e2f0.png,exists; run=9998217214701278_ml_mpo_model_size_mpo_l_02-08-18
plot-117,plot,episode-diagnostics-eval,not_learning,Results,backend/autonomous_control/runs/9998217216712049_ml_mpo_model_size_mpo_m_01-34-47/plots/eval_episode_diagnostics.png,plots/plot_117_episode-diagnostics-eval_4cc5c240.png,exists; run=9998217216712049_ml_mpo_model_size_mpo_m_01-34-47
plot-118,plot,episode-diagnostics-eval,not_learning,Results,backend/autonomous_control/runs/9998217218692971_ml_mpo_model_size_mpo_s_01-01-46/plots/eval_episode_diagnostics.png,plots/plot_118_episode-diagnostics-eval_3a920896.png,exists; run=9998217218692971_ml_mpo_model_size_mpo_s_01-01-46
plot-119,plot,episode-diagnostics-eval,na,Results,backend/autonomous_control/runs/9998217220057912_ml_ref_ref1_vector_00-39-02/plots/eval_episode_diagnostics.png,plots/plot_119_episode-diagnostics-eval_c946a98a.png,exists; run=9998217220057912_ml_ref_ref1_vector_00-39-02
src-a1d75396,source_video,static-target-placement,na,na,backend/notebooks/s01/artifacts/07-baseline-overflight.mp4,themes/01_target_placement/source/07-baseline-overflight__07-baseline-overflight.mp4,hardlink; baseline overflight
targets-early-00,frame,static-target-placement,na,Introduction / Methods,backend/notebooks/s01/artifacts/07-baseline-overflight.mp4,themes/01_target_placement/frames/targets-early_n00_of_03_f000057_t0002.9s.png,baseline corridor (early); neighbor 1/3; frame=57
targets-early-01,frame,static-target-placement,na,Introduction / Methods,backend/notebooks/s01/artifacts/07-baseline-overflight.mp4,themes/01_target_placement/frames/targets-early_n01_of_03_f000066_t0003.3s.png,baseline corridor (early); neighbor 2/3; frame=66
targets-early-02,frame,static-target-placement,na,Introduction / Methods,backend/notebooks/s01/artifacts/07-baseline-overflight.mp4,themes/01_target_placement/frames/targets-early_n02_of_03_f000075_t0003.8s.png,baseline corridor (early); neighbor 3/3; frame=75
targets-approach-00,frame,static-target-placement,na,Introduction / Methods,backend/notebooks/s01/artifacts/07-baseline-overflight.mp4,themes/01_target_placement/frames/targets-approach_n00_of_03_f000144_t0007.2s.png,baseline corridor (approach); neighbor 1/3; frame=144
targets-approach-01,frame,static-target-placement,na,Introduction / Methods,backend/notebooks/s01/artifacts/07-baseline-overflight.mp4,themes/01_target_placement/frames/targets-approach_n01_of_03_f000153_t0007.7s.png,baseline corridor (approach); neighbor 2/3; frame=153
targets-approach-02,frame,static-target-placement,na,Introduction / Methods,backend/notebooks/s01/artifacts/07-baseline-overflight.mp4,themes/01_target_placement/frames/targets-approach_n02_of_03_f000162_t0008.1s.png,baseline corridor (approach); neighbor 3/3; frame=162
targets-mid-00,frame,static-target-placement,na,Introduction / Methods,backend/notebooks/s01/artifacts/07-baseline-overflight.mp4,themes/01_target_placement/frames/targets-mid_n00_of_03_f000209_t0010.4s.png,baseline corridor (mid); neighbor 1/3; frame=209
targets-mid-01,frame,static-target-placement,na,Introduction / Methods,backend/notebooks/s01/artifacts/07-baseline-overflight.mp4,themes/01_target_placement/frames/targets-mid_n01_of_03_f000218_t0010.9s.png,baseline corridor (mid); neighbor 2/3; frame=218
targets-mid-02,frame,static-target-placement,na,Introduction / Methods,backend/notebooks/s01/artifacts/07-baseline-overflight.mp4,themes/01_target_placement/frames/targets-mid_n02_of_03_f000227_t0011.3s.png,baseline corridor (mid); neighbor 3/3; frame=227
targets-late-00,frame,static-target-placement,na,Introduction / Methods,backend/notebooks/s01/artifacts/07-baseline-overflight.mp4,themes/01_target_placement/frames/targets-late_n00_of_03_f000319_t0015.9s.png,baseline corridor (late); neighbor 1/3; frame=319
targets-late-01,frame,static-target-placement,na,Introduction / Methods,backend/notebooks/s01/artifacts/07-baseline-overflight.mp4,themes/01_target_placement/frames/targets-late_n01_of_03_f000328_t0016.4s.png,baseline corridor (late); neighbor 2/3; frame=328
targets-late-02,frame,static-target-placement,na,Introduction / Methods,backend/notebooks/s01/artifacts/07-baseline-overflight.mp4,themes/01_target_placement/frames/targets-late_n02_of_03_f000337_t0016.9s.png,baseline corridor (late); neighbor 3/3; frame=337
src-cc7f1756,source_video,dynamic-cloud-generation,na,na,backend/notebooks/s01/artifacts/07-baseline-overflight-vector.mp4,themes/02_cloud_motion/source/07-baseline-overflight-vector__07-baseline-overflight-vector.mp4,hardlink; cloud motion source
src-24326b61,source_video,dynamic-cloud-generation,na,na,backend/notebooks/s01/artifacts/07-baseline-overflight.mp4,themes/02_cloud_motion/source/07-baseline-overflight__07-baseline-overflight.mp4,hardlink; alt baseline
clouds-early5-00,frame,dynamic-cloud-generation,na,Methods,backend/notebooks/s01/artifacts/07-baseline-overflight-vector.mp4,themes/02_cloud_motion/frames/clouds-early5_n00_of_05_f000113_t0005.7s.png,cloud field neighbor series; neighbor 1/5; frame=113
clouds-early5-01,frame,dynamic-cloud-generation,na,Methods,backend/notebooks/s01/artifacts/07-baseline-overflight-vector.mp4,themes/02_cloud_motion/frames/clouds-early5_n01_of_05_f000122_t0006.1s.png,cloud field neighbor series; neighbor 2/5; frame=122
clouds-early5-02,frame,dynamic-cloud-generation,na,Methods,backend/notebooks/s01/artifacts/07-baseline-overflight-vector.mp4,themes/02_cloud_motion/frames/clouds-early5_n02_of_05_f000131_t0006.5s.png,cloud field neighbor series; neighbor 3/5; frame=131
clouds-early5-03,frame,dynamic-cloud-generation,na,Methods,backend/notebooks/s01/artifacts/07-baseline-overflight-vector.mp4,themes/02_cloud_motion/frames/clouds-early5_n03_of_05_f000140_t0007.0s.png,cloud field neighbor series; neighbor 4/5; frame=140
clouds-early5-04,frame,dynamic-cloud-generation,na,Methods,backend/notebooks/s01/artifacts/07-baseline-overflight-vector.mp4,themes/02_cloud_motion/frames/clouds-early5_n04_of_05_f000149_t0007.5s.png,cloud field neighbor series; neighbor 5/5; frame=149
clouds-mid5-00,frame,dynamic-cloud-generation,na,Methods,backend/notebooks/s01/artifacts/07-baseline-overflight-vector.mp4,themes/02_cloud_motion/frames/clouds-mid5_n00_of_05_f000179_t0008.9s.png,cloud field neighbor series; neighbor 1/5; frame=179
clouds-mid5-01,frame,dynamic-cloud-generation,na,Methods,backend/notebooks/s01/artifacts/07-baseline-overflight-vector.mp4,themes/02_cloud_motion/frames/clouds-mid5_n01_of_05_f000188_t0009.4s.png,cloud field neighbor series; neighbor 2/5; frame=188
clouds-mid5-02,frame,dynamic-cloud-generation,na,Methods,backend/notebooks/s01/artifacts/07-baseline-overflight-vector.mp4,themes/02_cloud_motion/frames/clouds-mid5_n02_of_05_f000197_t0009.8s.png,cloud field neighbor series; neighbor 3/5; frame=197
clouds-mid5-03,frame,dynamic-cloud-generation,na,Methods,backend/notebooks/s01/artifacts/07-baseline-overflight-vector.mp4,themes/02_cloud_motion/frames/clouds-mid5_n03_of_05_f000206_t0010.3s.png,cloud field neighbor series; neighbor 4/5; frame=206
clouds-mid5-04,frame,dynamic-cloud-generation,na,Methods,backend/notebooks/s01/artifacts/07-baseline-overflight-vector.mp4,themes/02_cloud_motion/frames/clouds-mid5_n04_of_05_f000215_t0010.8s.png,cloud field neighbor series; neighbor 5/5; frame=215
clouds-mid7-00,frame,dynamic-cloud-generation,na,Methods,backend/notebooks/s01/artifacts/07-baseline-overflight-vector.mp4,themes/02_cloud_motion/frames/clouds-mid7_n00_of_07_f000213_t0010.7s.png,cloud field neighbor series; neighbor 1/7; frame=213
clouds-mid7-01,frame,dynamic-cloud-generation,na,Methods,backend/notebooks/s01/artifacts/07-baseline-overflight-vector.mp4,themes/02_cloud_motion/frames/clouds-mid7_n01_of_07_f000222_t0011.1s.png,cloud field neighbor series; neighbor 2/7; frame=222
clouds-mid7-02,frame,dynamic-cloud-generation,na,Methods,backend/notebooks/s01/artifacts/07-baseline-overflight-vector.mp4,themes/02_cloud_motion/frames/clouds-mid7_n02_of_07_f000231_t0011.6s.png,cloud field neighbor series; neighbor 3/7; frame=231
clouds-mid7-03,frame,dynamic-cloud-generation,na,Methods,backend/notebooks/s01/artifacts/07-baseline-overflight-vector.mp4,themes/02_cloud_motion/frames/clouds-mid7_n03_of_07_f000240_t0012.0s.png,cloud field neighbor series; neighbor 4/7; frame=240
clouds-mid7-04,frame,dynamic-cloud-generation,na,Methods,backend/notebooks/s01/artifacts/07-baseline-overflight-vector.mp4,themes/02_cloud_motion/frames/clouds-mid7_n04_of_07_f000249_t0012.4s.png,cloud field neighbor series; neighbor 5/7; frame=249
clouds-mid7-05,frame,dynamic-cloud-generation,na,Methods,backend/notebooks/s01/artifacts/07-baseline-overflight-vector.mp4,themes/02_cloud_motion/frames/clouds-mid7_n05_of_07_f000258_t0012.9s.png,cloud field neighbor series; neighbor 6/7; frame=258
clouds-mid7-06,frame,dynamic-cloud-generation,na,Methods,backend/notebooks/s01/artifacts/07-baseline-overflight-vector.mp4,themes/02_cloud_motion/frames/clouds-mid7_n06_of_07_f000267_t0013.3s.png,cloud field neighbor series; neighbor 7/7; frame=267
clouds-late5-00,frame,dynamic-cloud-generation,na,Methods,backend/notebooks/s01/artifacts/07-baseline-overflight-vector.mp4,themes/02_cloud_motion/frames/clouds-late5_n00_of_05_f000288_t0014.4s.png,cloud field neighbor series; neighbor 1/5; frame=288
clouds-late5-01,frame,dynamic-cloud-generation,na,Methods,backend/notebooks/s01/artifacts/07-baseline-overflight-vector.mp4,themes/02_cloud_motion/frames/clouds-late5_n01_of_05_f000297_t0014.8s.png,cloud field neighbor series; neighbor 2/5; frame=297
clouds-late5-02,frame,dynamic-cloud-generation,na,Methods,backend/notebooks/s01/artifacts/07-baseline-overflight-vector.mp4,themes/02_cloud_motion/frames/clouds-late5_n02_of_05_f000306_t0015.3s.png,cloud field neighbor series; neighbor 3/5; frame=306
clouds-late5-03,frame,dynamic-cloud-generation,na,Methods,backend/notebooks/s01/artifacts/07-baseline-overflight-vector.mp4,themes/02_cloud_motion/frames/clouds-late5_n03_of_05_f000315_t0015.8s.png,cloud field neighbor series; neighbor 4/5; frame=315
clouds-late5-04,frame,dynamic-cloud-generation,na,Methods,backend/notebooks/s01/artifacts/07-baseline-overflight-vector.mp4,themes/02_cloud_motion/frames/clouds-late5_n04_of_05_f000324_t0016.2s.png,cloud field neighbor series; neighbor 5/5; frame=324
src-63f6f9ff,source_video,dynamic-safety-maneuver,not_learning,na,backend/autonomous_control/runs/9998217183842846_ml_ref_ref0_torque_10-42-36/videos/eval_best.mp4,themes/03_safety_maneuver/source/9998217183842846_ml_ref_ref0_torque_10-42-36__eval_best.mp4,hardlink; safety scout ref0
safety-ref0-00,frame,dynamic-safety-maneuver,not_learning,Methods / Discussion,backend/autonomous_control/runs/9998217183842846_ml_ref_ref0_torque_10-42-36/videos/eval_best.mp4,themes/03_safety_maneuver/frames/safety-ref0_n00_of_05_f000154_t0007.7s.png,torque-mode safety scout cycle; neighbor 1/5; frame=154
safety-ref0-01,frame,dynamic-safety-maneuver,not_learning,Methods / Discussion,backend/autonomous_control/runs/9998217183842846_ml_ref_ref0_torque_10-42-36/videos/eval_best.mp4,themes/03_safety_maneuver/frames/safety-ref0_n01_of_05_f000163_t0008.2s.png,torque-mode safety scout cycle; neighbor 2/5; frame=163
safety-ref0-02,frame,dynamic-safety-maneuver,not_learning,Methods / Discussion,backend/autonomous_control/runs/9998217183842846_ml_ref_ref0_torque_10-42-36/videos/eval_best.mp4,themes/03_safety_maneuver/frames/safety-ref0_n02_of_05_f000172_t0008.6s.png,torque-mode safety scout cycle; neighbor 3/5; frame=172
safety-ref0-03,frame,dynamic-safety-maneuver,not_learning,Methods / Discussion,backend/autonomous_control/runs/9998217183842846_ml_ref_ref0_torque_10-42-36/videos/eval_best.mp4,themes/03_safety_maneuver/frames/safety-ref0_n03_of_05_f000181_t0009.1s.png,torque-mode safety scout cycle; neighbor 4/5; frame=181
safety-ref0-04,frame,dynamic-safety-maneuver,not_learning,Methods / Discussion,backend/autonomous_control/runs/9998217183842846_ml_ref_ref0_torque_10-42-36/videos/eval_best.mp4,themes/03_safety_maneuver/frames/safety-ref0_n04_of_05_f000190_t0009.5s.png,torque-mode safety scout cycle; neighbor 5/5; frame=190
safety-ref0b-00,frame,dynamic-safety-maneuver,not_learning,Methods / Discussion,backend/autonomous_control/runs/9998217183842846_ml_ref_ref0_torque_10-42-36/videos/eval_best.mp4,themes/03_safety_maneuver/frames/safety-ref0b_n00_of_05_f000240_t0012.0s.png,torque-mode safety scout cycle; neighbor 1/5; frame=240
safety-ref0b-01,frame,dynamic-safety-maneuver,not_learning,Methods / Discussion,backend/autonomous_control/runs/9998217183842846_ml_ref_ref0_torque_10-42-36/videos/eval_best.mp4,themes/03_safety_maneuver/frames/safety-ref0b_n01_of_05_f000249_t0012.4s.png,torque-mode safety scout cycle; neighbor 2/5; frame=249
safety-ref0b-02,frame,dynamic-safety-maneuver,not_learning,Methods / Discussion,backend/autonomous_control/runs/9998217183842846_ml_ref_ref0_torque_10-42-36/videos/eval_best.mp4,themes/03_safety_maneuver/frames/safety-ref0b_n02_of_05_f000258_t0012.9s.png,torque-mode safety scout cycle; neighbor 3/5; frame=258
safety-ref0b-03,frame,dynamic-safety-maneuver,not_learning,Methods / Discussion,backend/autonomous_control/runs/9998217183842846_ml_ref_ref0_torque_10-42-36/videos/eval_best.mp4,themes/03_safety_maneuver/frames/safety-ref0b_n03_of_05_f000267_t0013.3s.png,torque-mode safety scout cycle; neighbor 4/5; frame=267
safety-ref0b-04,frame,dynamic-safety-maneuver,not_learning,Methods / Discussion,backend/autonomous_control/runs/9998217183842846_ml_ref_ref0_torque_10-42-36/videos/eval_best.mp4,themes/03_safety_maneuver/frames/safety-ref0b_n04_of_05_f000276_t0013.8s.png,torque-mode safety scout cycle; neighbor 5/5; frame=276
src-b593ab2c,source_video,dynamic-safety-maneuver,not_learning,na,backend/autonomous_control/runs/9998217144237087_ml_mpo_safe_mode_penalty_safe_mode_penalty_on_21-42-42/videos/eval_best.mp4,themes/03_safety_maneuver/source/9998217144237087_ml_mpo_safe_mode_penalty_safe_mode_penalty_on_21-42-42__eval_best.mp4,hardlink; safety scout safe-pen
safety-safe-pen-00,frame,dynamic-safety-maneuver,not_learning,Methods / Discussion,backend/autonomous_control/runs/9998217144237087_ml_mpo_safe_mode_penalty_safe_mode_penalty_on_21-42-42/videos/eval_best.mp4,themes/03_safety_maneuver/frames/safety-safe-pen_n00_of_05_f000132_t0006.6s.png,torque-mode safety scout cycle; neighbor 1/5; frame=132
safety-safe-pen-01,frame,dynamic-safety-maneuver,not_learning,Methods / Discussion,backend/autonomous_control/runs/9998217144237087_ml_mpo_safe_mode_penalty_safe_mode_penalty_on_21-42-42/videos/eval_best.mp4,themes/03_safety_maneuver/frames/safety-safe-pen_n01_of_05_f000141_t0007.0s.png,torque-mode safety scout cycle; neighbor 2/5; frame=141
safety-safe-pen-02,frame,dynamic-safety-maneuver,not_learning,Methods / Discussion,backend/autonomous_control/runs/9998217144237087_ml_mpo_safe_mode_penalty_safe_mode_penalty_on_21-42-42/videos/eval_best.mp4,themes/03_safety_maneuver/frames/safety-safe-pen_n02_of_05_f000150_t0007.5s.png,torque-mode safety scout cycle; neighbor 3/5; frame=150
safety-safe-pen-03,frame,dynamic-safety-maneuver,not_learning,Methods / Discussion,backend/autonomous_control/runs/9998217144237087_ml_mpo_safe_mode_penalty_safe_mode_penalty_on_21-42-42/videos/eval_best.mp4,themes/03_safety_maneuver/frames/safety-safe-pen_n03_of_05_f000159_t0008.0s.png,torque-mode safety scout cycle; neighbor 4/5; frame=159
safety-safe-pen-04,frame,dynamic-safety-maneuver,not_learning,Methods / Discussion,backend/autonomous_control/runs/9998217144237087_ml_mpo_safe_mode_penalty_safe_mode_penalty_on_21-42-42/videos/eval_best.mp4,themes/03_safety_maneuver/frames/safety-safe-pen_n04_of_05_f000168_t0008.4s.png,torque-mode safety scout cycle; neighbor 5/5; frame=168
safety-safe-penb-00,frame,dynamic-safety-maneuver,not_learning,Methods / Discussion,backend/autonomous_control/runs/9998217144237087_ml_mpo_safe_mode_penalty_safe_mode_penalty_on_21-42-42/videos/eval_best.mp4,themes/03_safety_maneuver/frames/safety-safe-penb_n00_of_05_f000219_t0010.9s.png,torque-mode safety scout cycle; neighbor 1/5; frame=219
safety-safe-penb-01,frame,dynamic-safety-maneuver,not_learning,Methods / Discussion,backend/autonomous_control/runs/9998217144237087_ml_mpo_safe_mode_penalty_safe_mode_penalty_on_21-42-42/videos/eval_best.mp4,themes/03_safety_maneuver/frames/safety-safe-penb_n01_of_05_f000228_t0011.4s.png,torque-mode safety scout cycle; neighbor 2/5; frame=228
safety-safe-penb-02,frame,dynamic-safety-maneuver,not_learning,Methods / Discussion,backend/autonomous_control/runs/9998217144237087_ml_mpo_safe_mode_penalty_safe_mode_penalty_on_21-42-42/videos/eval_best.mp4,themes/03_safety_maneuver/frames/safety-safe-penb_n02_of_05_f000237_t0011.8s.png,torque-mode safety scout cycle; neighbor 3/5; frame=237
safety-safe-penb-03,frame,dynamic-safety-maneuver,not_learning,Methods / Discussion,backend/autonomous_control/runs/9998217144237087_ml_mpo_safe_mode_penalty_safe_mode_penalty_on_21-42-42/videos/eval_best.mp4,themes/03_safety_maneuver/frames/safety-safe-penb_n03_of_05_f000246_t0012.3s.png,torque-mode safety scout cycle; neighbor 4/5; frame=246
safety-safe-penb-04,frame,dynamic-safety-maneuver,not_learning,Methods / Discussion,backend/autonomous_control/runs/9998217144237087_ml_mpo_safe_mode_penalty_safe_mode_penalty_on_21-42-42/videos/eval_best.mp4,themes/03_safety_maneuver/frames/safety-safe-penb_n04_of_05_f000255_t0012.8s.png,torque-mode safety scout cycle; neighbor 5/5; frame=255
src-655a3ba2,source_video,dynamic-safety-maneuver,not_learning,na,backend/autonomous_control/runs/9998217164480175_ml_mpo_decoupled_dual_torque_sparse_16-05-19/videos/eval_best.mp4,themes/03_safety_maneuver/source/9998217164480175_ml_mpo_decoupled_dual_torque_sparse_16-05-19__eval_best.mp4,hardlink; safety scout mpo-torque
safety-mpo-torque-00,frame,dynamic-safety-maneuver,not_learning,Methods / Discussion,backend/autonomous_control/runs/9998217164480175_ml_mpo_decoupled_dual_torque_sparse_16-05-19/videos/eval_best.mp4,themes/03_safety_maneuver/frames/safety-mpo-torque_n00_of_05_f000176_t0008.8s.png,torque-mode safety scout cycle; neighbor 1/5; frame=176
safety-mpo-torque-01,frame,dynamic-safety-maneuver,not_learning,Methods / Discussion,backend/autonomous_control/runs/9998217164480175_ml_mpo_decoupled_dual_torque_sparse_16-05-19/videos/eval_best.mp4,themes/03_safety_maneuver/frames/safety-mpo-torque_n01_of_05_f000185_t0009.2s.png,torque-mode safety scout cycle; neighbor 2/5; frame=185
safety-mpo-torque-02,frame,dynamic-safety-maneuver,not_learning,Methods / Discussion,backend/autonomous_control/runs/9998217164480175_ml_mpo_decoupled_dual_torque_sparse_16-05-19/videos/eval_best.mp4,themes/03_safety_maneuver/frames/safety-mpo-torque_n02_of_05_f000194_t0009.7s.png,torque-mode safety scout cycle; neighbor 3/5; frame=194
safety-mpo-torque-03,frame,dynamic-safety-maneuver,not_learning,Methods / Discussion,backend/autonomous_control/runs/9998217164480175_ml_mpo_decoupled_dual_torque_sparse_16-05-19/videos/eval_best.mp4,themes/03_safety_maneuver/frames/safety-mpo-torque_n03_of_05_f000203_t0010.2s.png,torque-mode safety scout cycle; neighbor 4/5; frame=203
safety-mpo-torque-04,frame,dynamic-safety-maneuver,not_learning,Methods / Discussion,backend/autonomous_control/runs/9998217164480175_ml_mpo_decoupled_dual_torque_sparse_16-05-19/videos/eval_best.mp4,themes/03_safety_maneuver/frames/safety-mpo-torque_n04_of_05_f000212_t0010.6s.png,torque-mode safety scout cycle; neighbor 5/5; frame=212
src-5e410298,source_video,behaviour-selective-shutter,learning,na,backend/autonomous_control/runs/9998217165798903_ml_sac_shutter_split_15-43-20/videos/eval_best.mp4,themes/04_selective_shutter/source/9998217165798903_ml_sac_shutter_split_15-43-20__eval_best.mp4,hardlink; Exp9 SAC eval_best
shutter-a-00,frame,behaviour-selective-shutter,learning,Results,backend/autonomous_control/runs/9998217165798903_ml_sac_shutter_split_15-43-20/videos/eval_best.mp4,themes/04_selective_shutter/frames/shutter-a_n00_of_03_f000077_t0003.9s.png,Exp9 selective shutter stills; neighbor 1/3; frame=77
shutter-a-01,frame,behaviour-selective-shutter,learning,Results,backend/autonomous_control/runs/9998217165798903_ml_sac_shutter_split_15-43-20/videos/eval_best.mp4,themes/04_selective_shutter/frames/shutter-a_n01_of_03_f000086_t0004.3s.png,Exp9 selective shutter stills; neighbor 2/3; frame=86
shutter-a-02,frame,behaviour-selective-shutter,learning,Results,backend/autonomous_control/runs/9998217165798903_ml_sac_shutter_split_15-43-20/videos/eval_best.mp4,themes/04_selective_shutter/frames/shutter-a_n02_of_03_f000095_t0004.8s.png,Exp9 selective shutter stills; neighbor 3/3; frame=95
shutter-b-00,frame,behaviour-selective-shutter,learning,Results,backend/autonomous_control/runs/9998217165798903_ml_sac_shutter_split_15-43-20/videos/eval_best.mp4,themes/04_selective_shutter/frames/shutter-b_n00_of_03_f000163_t0008.2s.png,Exp9 selective shutter stills; neighbor 1/3; frame=163
shutter-b-01,frame,behaviour-selective-shutter,learning,Results,backend/autonomous_control/runs/9998217165798903_ml_sac_shutter_split_15-43-20/videos/eval_best.mp4,themes/04_selective_shutter/frames/shutter-b_n01_of_03_f000172_t0008.6s.png,Exp9 selective shutter stills; neighbor 2/3; frame=172
shutter-b-02,frame,behaviour-selective-shutter,learning,Results,backend/autonomous_control/runs/9998217165798903_ml_sac_shutter_split_15-43-20/videos/eval_best.mp4,themes/04_selective_shutter/frames/shutter-b_n02_of_03_f000181_t0009.1s.png,Exp9 selective shutter stills; neighbor 3/3; frame=181
shutter-c-00,frame,behaviour-selective-shutter,learning,Results,backend/autonomous_control/runs/9998217165798903_ml_sac_shutter_split_15-43-20/videos/eval_best.mp4,themes/04_selective_shutter/frames/shutter-c_n00_of_03_f000249_t0012.4s.png,Exp9 selective shutter stills; neighbor 1/3; frame=249
shutter-c-01,frame,behaviour-selective-shutter,learning,Results,backend/autonomous_control/runs/9998217165798903_ml_sac_shutter_split_15-43-20/videos/eval_best.mp4,themes/04_selective_shutter/frames/shutter-c_n01_of_03_f000258_t0012.9s.png,Exp9 selective shutter stills; neighbor 2/3; frame=258
shutter-c-02,frame,behaviour-selective-shutter,learning,Results,backend/autonomous_control/runs/9998217165798903_ml_sac_shutter_split_15-43-20/videos/eval_best.mp4,themes/04_selective_shutter/frames/shutter-c_n02_of_03_f000267_t0013.3s.png,Exp9 selective shutter stills; neighbor 3/3; frame=267
shutter-d-00,frame,behaviour-selective-shutter,learning,Results,backend/autonomous_control/runs/9998217165798903_ml_sac_shutter_split_15-43-20/videos/eval_best.mp4,themes/04_selective_shutter/frames/shutter-d_n00_of_03_f000335_t0016.8s.png,Exp9 selective shutter stills; neighbor 1/3; frame=335
shutter-d-01,frame,behaviour-selective-shutter,learning,Results,backend/autonomous_control/runs/9998217165798903_ml_sac_shutter_split_15-43-20/videos/eval_best.mp4,themes/04_selective_shutter/frames/shutter-d_n01_of_03_f000344_t0017.2s.png,Exp9 selective shutter stills; neighbor 2/3; frame=344
shutter-d-02,frame,behaviour-selective-shutter,learning,Results,backend/autonomous_control/runs/9998217165798903_ml_sac_shutter_split_15-43-20/videos/eval_best.mp4,themes/04_selective_shutter/frames/shutter-d_n02_of_03_f000353_t0017.6s.png,Exp9 selective shutter stills; neighbor 3/3; frame=353
src-70a1b59d,source_video,learning-vs-not,learning,na,backend/autonomous_control/runs/9998217165798903_ml_sac_shutter_split_15-43-20/videos/eval_best.mp4,themes/05_learning_vs_not/source/9998217165798903_ml_sac_shutter_split_15-43-20__eval_best.mp4,hardlink; Exp9 SAC shutter-split (eval +106)
lvn-curve-aed2ad41,plot,learning-vs-not,learning,Results,backend/autonomous_control/runs/9998217165798903_ml_sac_shutter_split_15-43-20/plots/learning_curves.png,themes/05_learning_vs_not/frames/curve_learning_9998217165798903_ml_sac_shutter_split_15_aed2ad41.png,hardlink; Exp9 SAC shutter-split (eval +106)
lvn-learning-0-00,frame,learning-vs-not,learning,Results / Discussion,backend/autonomous_control/runs/9998217165798903_ml_sac_shutter_split_15-43-20/videos/eval_best.mp4,themes/05_learning_vs_not/frames/lvn-learning-0_n00_of_03_f000099_t0005.0s.png,Exp9 SAC shutter-split (eval +106); neighbor 1/3; frame=99
lvn-learning-0-01,frame,learning-vs-not,learning,Results / Discussion,backend/autonomous_control/runs/9998217165798903_ml_sac_shutter_split_15-43-20/videos/eval_best.mp4,themes/05_learning_vs_not/frames/lvn-learning-0_n01_of_03_f000108_t0005.4s.png,Exp9 SAC shutter-split (eval +106); neighbor 2/3; frame=108
lvn-learning-0-02,frame,learning-vs-not,learning,Results / Discussion,backend/autonomous_control/runs/9998217165798903_ml_sac_shutter_split_15-43-20/videos/eval_best.mp4,themes/05_learning_vs_not/frames/lvn-learning-0_n02_of_03_f000117_t0005.8s.png,Exp9 SAC shutter-split (eval +106); neighbor 3/3; frame=117
lvn-learning-1-00,frame,learning-vs-not,learning,Results / Discussion,backend/autonomous_control/runs/9998217165798903_ml_sac_shutter_split_15-43-20/videos/eval_best.mp4,themes/05_learning_vs_not/frames/lvn-learning-1_n00_of_03_f000206_t0010.3s.png,Exp9 SAC shutter-split (eval +106); neighbor 1/3; frame=206
lvn-learning-1-01,frame,learning-vs-not,learning,Results / Discussion,backend/autonomous_control/runs/9998217165798903_ml_sac_shutter_split_15-43-20/videos/eval_best.mp4,themes/05_learning_vs_not/frames/lvn-learning-1_n01_of_03_f000215_t0010.8s.png,Exp9 SAC shutter-split (eval +106); neighbor 2/3; frame=215
lvn-learning-1-02,frame,learning-vs-not,learning,Results / Discussion,backend/autonomous_control/runs/9998217165798903_ml_sac_shutter_split_15-43-20/videos/eval_best.mp4,themes/05_learning_vs_not/frames/lvn-learning-1_n02_of_03_f000224_t0011.2s.png,Exp9 SAC shutter-split (eval +106); neighbor 3/3; frame=224
lvn-learning-2-00,frame,learning-vs-not,learning,Results / Discussion,backend/autonomous_control/runs/9998217165798903_ml_sac_shutter_split_15-43-20/videos/eval_best.mp4,themes/05_learning_vs_not/frames/lvn-learning-2_n00_of_03_f000313_t0015.7s.png,Exp9 SAC shutter-split (eval +106); neighbor 1/3; frame=313
lvn-learning-2-01,frame,learning-vs-not,learning,Results / Discussion,backend/autonomous_control/runs/9998217165798903_ml_sac_shutter_split_15-43-20/videos/eval_best.mp4,themes/05_learning_vs_not/frames/lvn-learning-2_n01_of_03_f000322_t0016.1s.png,Exp9 SAC shutter-split (eval +106); neighbor 2/3; frame=322
lvn-learning-2-02,frame,learning-vs-not,learning,Results / Discussion,backend/autonomous_control/runs/9998217165798903_ml_sac_shutter_split_15-43-20/videos/eval_best.mp4,themes/05_learning_vs_not/frames/lvn-learning-2_n02_of_03_f000331_t0016.6s.png,Exp9 SAC shutter-split (eval +106); neighbor 3/3; frame=331
src-c85640df,source_video,learning-vs-not,learning,na,backend/autonomous_control/runs/9998217142297111_ml_mpo_decoupled_dual_vector_sparse_22-15-02/videos/eval_best.mp4,themes/05_learning_vs_not/source/9998217142297111_ml_mpo_decoupled_dual_vector_sparse_22-15-02__eval_best.mp4,hardlink; Exp11 MPO vector (eval +45.5)
lvn-curve-2d4bc258,plot,learning-vs-not,learning,Results,backend/autonomous_control/runs/9998217142297111_ml_mpo_decoupled_dual_vector_sparse_22-15-02/plots/learning_curves.png,themes/05_learning_vs_not/frames/curve_learning_9998217142297111_ml_mpo_decoupled_dual_v_2d4bc258.png,hardlink; Exp11 MPO vector (eval +45.5)
lvn-learning-0-00,frame,learning-vs-not,learning,Results / Discussion,backend/autonomous_control/runs/9998217142297111_ml_mpo_decoupled_dual_vector_sparse_22-15-02/videos/eval_best.mp4,themes/05_learning_vs_not/frames/lvn-learning-0_n00_of_03_f000120_t0006.0s.png,Exp11 MPO vector (eval +45.5); neighbor 1/3; frame=120
lvn-learning-0-01,frame,learning-vs-not,learning,Results / Discussion,backend/autonomous_control/runs/9998217142297111_ml_mpo_decoupled_dual_vector_sparse_22-15-02/videos/eval_best.mp4,themes/05_learning_vs_not/frames/lvn-learning-0_n01_of_03_f000129_t0006.5s.png,Exp11 MPO vector (eval +45.5); neighbor 2/3; frame=129
lvn-learning-0-02,frame,learning-vs-not,learning,Results / Discussion,backend/autonomous_control/runs/9998217142297111_ml_mpo_decoupled_dual_vector_sparse_22-15-02/videos/eval_best.mp4,themes/05_learning_vs_not/frames/lvn-learning-0_n02_of_03_f000138_t0006.9s.png,Exp11 MPO vector (eval +45.5); neighbor 3/3; frame=138
lvn-learning-1-00,frame,learning-vs-not,learning,Results / Discussion,backend/autonomous_control/runs/9998217142297111_ml_mpo_decoupled_dual_vector_sparse_22-15-02/videos/eval_best.mp4,themes/05_learning_vs_not/frames/lvn-learning-1_n00_of_03_f000228_t0011.4s.png,Exp11 MPO vector (eval +45.5); neighbor 1/3; frame=228
lvn-learning-1-01,frame,learning-vs-not,learning,Results / Discussion,backend/autonomous_control/runs/9998217142297111_ml_mpo_decoupled_dual_vector_sparse_22-15-02/videos/eval_best.mp4,themes/05_learning_vs_not/frames/lvn-learning-1_n01_of_03_f000237_t0011.8s.png,Exp11 MPO vector (eval +45.5); neighbor 2/3; frame=237
lvn-learning-1-02,frame,learning-vs-not,learning,Results / Discussion,backend/autonomous_control/runs/9998217142297111_ml_mpo_decoupled_dual_vector_sparse_22-15-02/videos/eval_best.mp4,themes/05_learning_vs_not/frames/lvn-learning-1_n02_of_03_f000246_t0012.3s.png,Exp11 MPO vector (eval +45.5); neighbor 3/3; frame=246
lvn-learning-2-00,frame,learning-vs-not,learning,Results / Discussion,backend/autonomous_control/runs/9998217142297111_ml_mpo_decoupled_dual_vector_sparse_22-15-02/videos/eval_best.mp4,themes/05_learning_vs_not/frames/lvn-learning-2_n00_of_03_f000313_t0015.7s.png,Exp11 MPO vector (eval +45.5); neighbor 1/3; frame=313
lvn-learning-2-01,frame,learning-vs-not,learning,Results / Discussion,backend/autonomous_control/runs/9998217142297111_ml_mpo_decoupled_dual_vector_sparse_22-15-02/videos/eval_best.mp4,themes/05_learning_vs_not/frames/lvn-learning-2_n01_of_03_f000322_t0016.1s.png,Exp11 MPO vector (eval +45.5); neighbor 2/3; frame=322
lvn-learning-2-02,frame,learning-vs-not,learning,Results / Discussion,backend/autonomous_control/runs/9998217142297111_ml_mpo_decoupled_dual_vector_sparse_22-15-02/videos/eval_best.mp4,themes/05_learning_vs_not/frames/lvn-learning-2_n02_of_03_f000331_t0016.6s.png,Exp11 MPO vector (eval +45.5); neighbor 3/3; frame=331
src-6d5646fa,source_video,learning-vs-not,learning,na,backend/autonomous_control/runs/9998217172220712_ml_sac_vector_budget_13-56-17/videos/eval_best.mp4,themes/05_learning_vs_not/source/9998217172220712_ml_sac_vector_budget_13-56-17__eval_best.mp4,hardlink; Exp7 SAC vector budget (first positive)
lvn-curve-4f2bfa81,plot,learning-vs-not,learning,Results,backend/autonomous_control/runs/9998217172220712_ml_sac_vector_budget_13-56-17/plots/learning_curves.png,themes/05_learning_vs_not/frames/curve_learning_9998217172220712_ml_sac_vector_budget_13_4f2bfa81.png,hardlink; Exp7 SAC vector budget (first positive)
lvn-learning-0-00,frame,learning-vs-not,learning,Results / Discussion,backend/autonomous_control/runs/9998217172220712_ml_sac_vector_budget_13-56-17/videos/eval_best.mp4,themes/05_learning_vs_not/frames/lvn-learning-0_n00_of_03_f000141_t0007.0s.png,Exp7 SAC vector budget (first positive); neighbor 1/3; frame=141
lvn-learning-0-01,frame,learning-vs-not,learning,Results / Discussion,backend/autonomous_control/runs/9998217172220712_ml_sac_vector_budget_13-56-17/videos/eval_best.mp4,themes/05_learning_vs_not/frames/lvn-learning-0_n01_of_03_f000150_t0007.5s.png,Exp7 SAC vector budget (first positive); neighbor 2/3; frame=150
lvn-learning-0-02,frame,learning-vs-not,learning,Results / Discussion,backend/autonomous_control/runs/9998217172220712_ml_sac_vector_budget_13-56-17/videos/eval_best.mp4,themes/05_learning_vs_not/frames/lvn-learning-0_n02_of_03_f000159_t0008.0s.png,Exp7 SAC vector budget (first positive); neighbor 3/3; frame=159
lvn-learning-1-00,frame,learning-vs-not,learning,Results / Discussion,backend/autonomous_control/runs/9998217172220712_ml_sac_vector_budget_13-56-17/videos/eval_best.mp4,themes/05_learning_vs_not/frames/lvn-learning-1_n00_of_03_f000249_t0012.4s.png,Exp7 SAC vector budget (first positive); neighbor 1/3; frame=249
lvn-learning-1-01,frame,learning-vs-not,learning,Results / Discussion,backend/autonomous_control/runs/9998217172220712_ml_sac_vector_budget_13-56-17/videos/eval_best.mp4,themes/05_learning_vs_not/frames/lvn-learning-1_n01_of_03_f000258_t0012.9s.png,Exp7 SAC vector budget (first positive); neighbor 2/3; frame=258
lvn-learning-1-02,frame,learning-vs-not,learning,Results / Discussion,backend/autonomous_control/runs/9998217172220712_ml_sac_vector_budget_13-56-17/videos/eval_best.mp4,themes/05_learning_vs_not/frames/lvn-learning-1_n02_of_03_f000267_t0013.3s.png,Exp7 SAC vector budget (first positive); neighbor 3/3; frame=267
src-5f35d7fc,source_video,learning-vs-not,not_learning,na,backend/autonomous_control/runs/9998217254656575_ml_shutter_mpo_t09_15-02-22/videos/eval_best.mp4,themes/05_learning_vs_not/source/9998217254656575_ml_shutter_mpo_t09_15-02-22__eval_best.mp4,hardlink; Exp1 MPO shutter threshold (flat fail)
lvn-curve-d7fd204e,plot,learning-vs-not,not_learning,Results,backend/autonomous_control/runs/9998217254656575_ml_shutter_mpo_t09_15-02-22/plots/learning_curves.png,themes/05_learning_vs_not/frames/curve_not_learning_9998217254656575_ml_shutter_mpo_t09_15-0_d7fd204e.png,hardlink; Exp1 MPO shutter threshold (flat fail)
lvn-not_learning-0-00,frame,learning-vs-not,not_learning,Results / Discussion,backend/autonomous_control/runs/9998217254656575_ml_shutter_mpo_t09_15-02-22/videos/eval_best.mp4,themes/05_learning_vs_not/frames/lvn-not_learning-0_n00_of_03_f000241_t0012.1s.png,Exp1 MPO shutter threshold (flat fail); neighbor 1/3; frame=241
lvn-not_learning-0-01,frame,learning-vs-not,not_learning,Results / Discussion,backend/autonomous_control/runs/9998217254656575_ml_shutter_mpo_t09_15-02-22/videos/eval_best.mp4,themes/05_learning_vs_not/frames/lvn-not_learning-0_n01_of_03_f000258_t0012.9s.png,Exp1 MPO shutter threshold (flat fail); neighbor 2/3; frame=258
lvn-not_learning-0-02,frame,learning-vs-not,not_learning,Results / Discussion,backend/autonomous_control/runs/9998217254656575_ml_shutter_mpo_t09_15-02-22/videos/eval_best.mp4,themes/05_learning_vs_not/frames/lvn-not_learning-0_n02_of_03_f000275_t0013.8s.png,Exp1 MPO shutter threshold (flat fail); neighbor 3/3; frame=275
lvn-not_learning-1-00,frame,learning-vs-not,not_learning,Results / Discussion,backend/autonomous_control/runs/9998217254656575_ml_shutter_mpo_t09_15-02-22/videos/eval_best.mp4,themes/05_learning_vs_not/frames/lvn-not_learning-1_n00_of_03_f000456_t0022.8s.png,Exp1 MPO shutter threshold (flat fail); neighbor 1/3; frame=456
lvn-not_learning-1-01,frame,learning-vs-not,not_learning,Results / Discussion,backend/autonomous_control/runs/9998217254656575_ml_shutter_mpo_t09_15-02-22/videos/eval_best.mp4,themes/05_learning_vs_not/frames/lvn-not_learning-1_n01_of_03_f000473_t0023.6s.png,Exp1 MPO shutter threshold (flat fail); neighbor 2/3; frame=473
lvn-not_learning-1-02,frame,learning-vs-not,not_learning,Results / Discussion,backend/autonomous_control/runs/9998217254656575_ml_shutter_mpo_t09_15-02-22/videos/eval_best.mp4,themes/05_learning_vs_not/frames/lvn-not_learning-1_n02_of_03_f000490_t0024.5s.png,Exp1 MPO shutter threshold (flat fail); neighbor 3/3; frame=490
lvn-not_learning-2-00,frame,learning-vs-not,not_learning,Results / Discussion,backend/autonomous_control/runs/9998217254656575_ml_shutter_mpo_t09_15-02-22/videos/eval_best.mp4,themes/05_learning_vs_not/frames/lvn-not_learning-2_n00_of_03_f000628_t0031.4s.png,Exp1 MPO shutter threshold (flat fail); neighbor 1/3; frame=628
lvn-not_learning-2-01,frame,learning-vs-not,not_learning,Results / Discussion,backend/autonomous_control/runs/9998217254656575_ml_shutter_mpo_t09_15-02-22/videos/eval_best.mp4,themes/05_learning_vs_not/frames/lvn-not_learning-2_n01_of_03_f000645_t0032.2s.png,Exp1 MPO shutter threshold (flat fail); neighbor 2/3; frame=645
lvn-not_learning-2-02,frame,learning-vs-not,not_learning,Results / Discussion,backend/autonomous_control/runs/9998217254656575_ml_shutter_mpo_t09_15-02-22/videos/eval_best.mp4,themes/05_learning_vs_not/frames/lvn-not_learning-2_n02_of_03_f000662_t0033.1s.png,Exp1 MPO shutter threshold (flat fail); neighbor 3/3; frame=662
src-680d590f,source_video,learning-vs-not,not_learning,na,backend/autonomous_control/runs/9998217218692971_ml_mpo_model_size_mpo_s_01-01-46/videos/eval_best.mp4,themes/05_learning_vs_not/source/9998217218692971_ml_mpo_model_size_mpo_s_01-01-46__eval_best.mp4,hardlink; Exp5 MPO width collapse
lvn-curve-2f6e2aad,plot,learning-vs-not,not_learning,Results,backend/autonomous_control/runs/9998217218692971_ml_mpo_model_size_mpo_s_01-01-46/plots/learning_curves.png,themes/05_learning_vs_not/frames/curve_not_learning_9998217218692971_ml_mpo_model_size_mpo_s_2f6e2aad.png,hardlink; Exp5 MPO width collapse
lvn-not_learning-0-00,frame,learning-vs-not,not_learning,Results / Discussion,backend/autonomous_control/runs/9998217218692971_ml_mpo_model_size_mpo_s_01-01-46/videos/eval_best.mp4,themes/05_learning_vs_not/frames/lvn-not_learning-0_n00_of_03_f000120_t0006.0s.png,Exp5 MPO width collapse; neighbor 1/3; frame=120
lvn-not_learning-0-01,frame,learning-vs-not,not_learning,Results / Discussion,backend/autonomous_control/runs/9998217218692971_ml_mpo_model_size_mpo_s_01-01-46/videos/eval_best.mp4,themes/05_learning_vs_not/frames/lvn-not_learning-0_n01_of_03_f000129_t0006.5s.png,Exp5 MPO width collapse; neighbor 2/3; frame=129
lvn-not_learning-0-02,frame,learning-vs-not,not_learning,Results / Discussion,backend/autonomous_control/runs/9998217218692971_ml_mpo_model_size_mpo_s_01-01-46/videos/eval_best.mp4,themes/05_learning_vs_not/frames/lvn-not_learning-0_n02_of_03_f000138_t0006.9s.png,Exp5 MPO width collapse; neighbor 3/3; frame=138
lvn-not_learning-1-00,frame,learning-vs-not,not_learning,Results / Discussion,backend/autonomous_control/runs/9998217218692971_ml_mpo_model_size_mpo_s_01-01-46/videos/eval_best.mp4,themes/05_learning_vs_not/frames/lvn-not_learning-1_n00_of_03_f000228_t0011.4s.png,Exp5 MPO width collapse; neighbor 1/3; frame=228
lvn-not_learning-1-01,frame,learning-vs-not,not_learning,Results / Discussion,backend/autonomous_control/runs/9998217218692971_ml_mpo_model_size_mpo_s_01-01-46/videos/eval_best.mp4,themes/05_learning_vs_not/frames/lvn-not_learning-1_n01_of_03_f000237_t0011.8s.png,Exp5 MPO width collapse; neighbor 2/3; frame=237
lvn-not_learning-1-02,frame,learning-vs-not,not_learning,Results / Discussion,backend/autonomous_control/runs/9998217218692971_ml_mpo_model_size_mpo_s_01-01-46/videos/eval_best.mp4,themes/05_learning_vs_not/frames/lvn-not_learning-1_n02_of_03_f000246_t0012.3s.png,Exp5 MPO width collapse; neighbor 3/3; frame=246
lvn-not_learning-2-00,frame,learning-vs-not,not_learning,Results / Discussion,backend/autonomous_control/runs/9998217218692971_ml_mpo_model_size_mpo_s_01-01-46/videos/eval_best.mp4,themes/05_learning_vs_not/frames/lvn-not_learning-2_n00_of_03_f000313_t0015.7s.png,Exp5 MPO width collapse; neighbor 1/3; frame=313
lvn-not_learning-2-01,frame,learning-vs-not,not_learning,Results / Discussion,backend/autonomous_control/runs/9998217218692971_ml_mpo_model_size_mpo_s_01-01-46/videos/eval_best.mp4,themes/05_learning_vs_not/frames/lvn-not_learning-2_n01_of_03_f000322_t0016.1s.png,Exp5 MPO width collapse; neighbor 2/3; frame=322
lvn-not_learning-2-02,frame,learning-vs-not,not_learning,Results / Discussion,backend/autonomous_control/runs/9998217218692971_ml_mpo_model_size_mpo_s_01-01-46/videos/eval_best.mp4,themes/05_learning_vs_not/frames/lvn-not_learning-2_n02_of_03_f000331_t0016.6s.png,Exp5 MPO width collapse; neighbor 3/3; frame=331
src-1128e243,source_video,learning-vs-not,not_learning,na,backend/autonomous_control/runs/9998217144237087_ml_mpo_safe_mode_penalty_safe_mode_penalty_on_21-42-42/videos/eval_best.mp4,themes/05_learning_vs_not/source/9998217144237087_ml_mpo_safe_mode_penalty_safe_mode_penalty_on_21-42-42__eval_best.mp4,hardlink; Exp10 safe-mode penalty (worst)
lvn-curve-fe6ea712,plot,learning-vs-not,not_learning,Results,backend/autonomous_control/runs/9998217144237087_ml_mpo_safe_mode_penalty_safe_mode_penalty_on_21-42-42/plots/learning_curves.png,themes/05_learning_vs_not/frames/curve_not_learning_9998217144237087_ml_mpo_safe_mode_penalt_fe6ea712.png,hardlink; Exp10 safe-mode penalty (worst)
lvn-not_learning-0-00,frame,learning-vs-not,not_learning,Results / Discussion,backend/autonomous_control/runs/9998217144237087_ml_mpo_safe_mode_penalty_safe_mode_penalty_on_21-42-42/videos/eval_best.mp4,themes/05_learning_vs_not/frames/lvn-not_learning-0_n00_of_03_f000120_t0006.0s.png,Exp10 safe-mode penalty (worst); neighbor 1/3; frame=120
lvn-not_learning-0-01,frame,learning-vs-not,not_learning,Results / Discussion,backend/autonomous_control/runs/9998217144237087_ml_mpo_safe_mode_penalty_safe_mode_penalty_on_21-42-42/videos/eval_best.mp4,themes/05_learning_vs_not/frames/lvn-not_learning-0_n01_of_03_f000129_t0006.5s.png,Exp10 safe-mode penalty (worst); neighbor 2/3; frame=129
lvn-not_learning-0-02,frame,learning-vs-not,not_learning,Results / Discussion,backend/autonomous_control/runs/9998217144237087_ml_mpo_safe_mode_penalty_safe_mode_penalty_on_21-42-42/videos/eval_best.mp4,themes/05_learning_vs_not/frames/lvn-not_learning-0_n02_of_03_f000138_t0006.9s.png,Exp10 safe-mode penalty (worst); neighbor 3/3; frame=138
lvn-not_learning-1-00,frame,learning-vs-not,not_learning,Results / Discussion,backend/autonomous_control/runs/9998217144237087_ml_mpo_safe_mode_penalty_safe_mode_penalty_on_21-42-42/videos/eval_best.mp4,themes/05_learning_vs_not/frames/lvn-not_learning-1_n00_of_03_f000228_t0011.4s.png,Exp10 safe-mode penalty (worst); neighbor 1/3; frame=228
lvn-not_learning-1-01,frame,learning-vs-not,not_learning,Results / Discussion,backend/autonomous_control/runs/9998217144237087_ml_mpo_safe_mode_penalty_safe_mode_penalty_on_21-42-42/videos/eval_best.mp4,themes/05_learning_vs_not/frames/lvn-not_learning-1_n01_of_03_f000237_t0011.8s.png,Exp10 safe-mode penalty (worst); neighbor 2/3; frame=237
lvn-not_learning-1-02,frame,learning-vs-not,not_learning,Results / Discussion,backend/autonomous_control/runs/9998217144237087_ml_mpo_safe_mode_penalty_safe_mode_penalty_on_21-42-42/videos/eval_best.mp4,themes/05_learning_vs_not/frames/lvn-not_learning-1_n02_of_03_f000246_t0012.3s.png,Exp10 safe-mode penalty (worst); neighbor 3/3; frame=246
lvn-not_learning-2-00,frame,learning-vs-not,not_learning,Results / Discussion,backend/autonomous_control/runs/9998217144237087_ml_mpo_safe_mode_penalty_safe_mode_penalty_on_21-42-42/videos/eval_best.mp4,themes/05_learning_vs_not/frames/lvn-not_learning-2_n00_of_03_f000313_t0015.7s.png,Exp10 safe-mode penalty (worst); neighbor 1/3; frame=313
lvn-not_learning-2-01,frame,learning-vs-not,not_learning,Results / Discussion,backend/autonomous_control/runs/9998217144237087_ml_mpo_safe_mode_penalty_safe_mode_penalty_on_21-42-42/videos/eval_best.mp4,themes/05_learning_vs_not/frames/lvn-not_learning-2_n01_of_03_f000322_t0016.1s.png,Exp10 safe-mode penalty (worst); neighbor 2/3; frame=322
lvn-not_learning-2-02,frame,learning-vs-not,not_learning,Results / Discussion,backend/autonomous_control/runs/9998217144237087_ml_mpo_safe_mode_penalty_safe_mode_penalty_on_21-42-42/videos/eval_best.mp4,themes/05_learning_vs_not/frames/lvn-not_learning-2_n02_of_03_f000331_t0016.6s.png,Exp10 safe-mode penalty (worst); neighbor 3/3; frame=331
